-9,-8,1025,280,-2030,840,0
-13,1,1026,210,-2100,-630,0
-7,-4,1026,210,-2170,630,0
-7,-3,1024,210,-2170,910,0
-10,-4,1026,210,-2170,910,0
-9,-4,1025,210,-2170,910,0
-8,-4,1025,210,-2170,840,0
-8,-3,1025,210,-2170,910,0
-9,-4,1025,210,-2170,840,0
-8,-4,1024,210,-2100,910,0
-8,-4,1025,210,-2170,910,0
-9,-3,1025,210,-2170,910,0
-9,-3,1025,210,-2170,910,0
-8,-4,1025,210,-2170,910,0
-8,-4,1025,210,-2170,910,0
-10,-4,1025,210,-2170,910,0
-9,-3,1025,210,-2170,910,0
-8,-4,1025,210,-2170,910,0
-9,-4,1024,210,-2170,910,0
-9,-4,1024,210,-2170,910,0
-8,-3,1024,280,-2170,910,0
-9,-4,1025,210,-2170,910,0
-9,-4,1025,210,-2170,910,0
-9,-5,1024,210,-2170,910,0
-8,-3,1025,210,-2170,910,0
-9,-3,1025,210,-2170,910,0
-9,-4,1025,210,-2170,910,0
-8,-4,1024,210,-2170,910,0
-9,-3,1025,210,-2100,910,0
-9,-3,1024,210,-2170,910,0
-9,-4,1025,210,-2170,910,0
-8,-4,1024,210,-2170,910,0
-8,-4,1025,210,-2170,980,0
-9,-4,1025,210,-2170,910,0
-9,-3,1024,210,-2170,910,0
-9,-5,1025,210,-2170,910,0
-9,-4,1025,210,-2170,910,0
-9,-4,1025,210,-2170,910,0
-8,-3,1024,210,-2170,910,0
-9,-4,1025,210,-2170,910,0
-9,-4,1025,210,-2240,910,0
-9,-3,1025,210,-2170,910,0
-8,-4,1025,280,-2170,910,0
-8,-4,1024,210,-2170,910,0
-9,-4,1025,210,-2170,910,0
-8,-3,1025,210,-2170,910,0
-9,-4,1025,280,-2170,980,0
-9,-4,1025,210,-2170,910,0
-9,-3,1024,210,-2170,910,0
-8,-3,1024,210,-2170,840,0
-9,-4,1025,210,-2170,910,0
-9,-4,1024,210,-2170,910,0
-8,-4,1024,210,-2170,910,0
-9,-4,1024,210,-2170,910,0
-8,-4,1024,210,-2170,910,0
-9,-4,1024,210,-2170,910,0
-8,-4,1024,210,-2170,840,0
-9,-4,1024,210,-2170,910,0
-9,-4,1024,210,-2170,910,0
-8,-3,1024,210,-2170,910,0
-8,-3,1025,210,-2170,910,0
-9,-3,1025,210,-2170,910,0
-9,-4,1024,210,-2170,910,0
-8,-3,1024,210,-2170,910,0
-9,-3,1024,210,-2170,910,0
-9,-4,1024,210,-2170,910,0
-8,-4,1025,210,-2170,910,0
-9,-3,1024,210,-2170,910,0
-9,-4,1024,210,-2170,910,0
-9,-4,1024,210,-2170,910,0
-9,-4,1025,210,-2170,910,0
-9,-4,1025,210,-2170,910,0
-9,-4,1025,210,-2170,910,0
-8,-4,1025,210,-2170,910,0
-8,-3,1024,210,-2100,910,0
-9,-4,1025,210,-2170,910,0
-9,-4,1024,210,-2170,910,0
-8,-3,1024,210,-2170,910,0
-9,-4,1025,210,-2170,910,0
-9,-4,1024,210,-2170,910,0
-9,-4,1025,280,-2170,910,0
-8,-4,1024,210,-2170,910,0
-9,-4,1025,210,-2170,910,0
-9,-4,1024,210,-2170,910,0
-9,-4,1024,210,-2170,910,0
-8,-3,1024,210,-2170,910,0
-9,-4,1025,210,-2170,910,0
-9,-4,1025,210,-2170,910,0
-8,-4,1024,210,-2170,910,0
-9,-4,1024,210,-2170,910,0
-9,-4,1025,210,-2170,910,0
-8,-3,1025,210,-2170,910,0
-8,-4,1025,210,-2170,910,0
-9,-4,1024,210,-2170,910,0
-9,-4,1024,210,-2170,910,0
-8,-4,1024,210,-2170,910,0
-9,-4,1025,210,-2170,910,0
-8,-4,1024,210,-2170,910,0
-8,-4,1024,280,-2170,910,0
-9,-2,1024,210,-2170,910,0
-8,-4,1025,210,-2170,910,0
-9,-4,1025,210,-2170,910,0
-9,-3,1025,210,-2170,910,0
-9,-3,1025,210,-2170,910,0
-9,-4,1024,210,-2170,910,0
-8,-3,1024,210,-2170,910,0
-8,-3,1024,210,-2170,980,0
-8,-4,1025,210,-2170,910,0
-9,-4,1024,210,-2170,910,0
-8,-3,1024,210,-2170,910,0
-8,-3,1025,210,-2170,910,0
-9,-3,1025,280,-2170,910,0
-8,-3,1024,210,-2170,910,0
-8,-3,1025,210,-2170,910,0
-10,-4,1025,210,-2170,910,0
-9,-4,1024,210,-2170,910,0
-9,-3,1025,210,-2100,910,0
-9,-4,1025,210,-2170,910,0
-9,-4,1025,210,-2170,910,0
-9,-3,1025,210,-2170,910,0
-8,-3,1025,210,-2100,910,0
-9,-4,1025,210,-2100,910,0
-9,-4,1025,210,-2170,910,0
-8,-3,1025,210,-2170,910,0
-9,-4,1025,210,-2170,910,0
-9,-4,1025,210,-2170,910,0
-9,-3,1024,210,-2170,910,0
-9,-4,1024,210,-2170,910,0
-9,-4,1024,210,-2100,910,0
-9,-3,1024,210,-2170,910,0
-8,-4,1024,280,-2170,910,0
-9,-4,1024,280,-2170,910,0
-9,-4,1024,210,-2100,910,0
-9,-3,1024,210,-2100,910,0
-8,-4,1025,210,-2100,910,0
-9,-4,1024,210,-2170,910,0
-9,-3,1023,210,-2170,910,0
-9,-3,1024,210,-2170,910,0
-9,-4,1023,210,-2170,910,0
-9,-4,1023,210,-2170,910,0
-9,-4,1023,210,-2170,910,0
-9,-3,1024,210,-2170,910,0
-9,-3,1024,210,-2100,910,0
-9,-4,1024,210,-2170,910,0
-8,-4,1023,210,-2170,910,0
-9,-3,1024,210,-2170,910,0
-9,-4,1024,210,-2100,910,0
-8,-4,1024,210,-2170,910,0
-8,-4,1024,210,-2170,910,0
-8,-3,1024,210,-2170,910,0
-9,-4,1023,210,-2170,910,0
-9,-4,1024,280,-2170,910,0
-8,-4,1024,210,-2170,910,0
-8,-4,1024,210,-2170,910,0
-8,-4,1025,210,-2170,910,0
-8,-4,1024,210,-2170,910,0
-9,-4,1024,210,-2170,910,0
-9,-3,1024,210,-2170,910,0
-9,-4,1025,210,-2170,910,0
-8,-4,1024,210,-2170,910,0
-8,-4,1025,280,-2170,910,0
-10,-4,1024,210,-2170,910,0
-9,-2,1024,210,-2100,910,0
-8,-3,1024,210,-2170,910,0
-8,-4,1024,210,-2170,910,0
-9,-4,1025,210,-2170,910,0
-9,-3,1024,210,-2170,910,0
-8,-4,1024,210,-2170,910,0
-8,-4,1024,210,-2170,910,0
-9,-3,1024,210,-2170,980,0
-9,-3,1024,210,-2170,840,0
-8,-3,1024,210,-2170,910,0
-8,-4,1025,210,-2170,910,0
-8,-4,1025,210,-2170,910,0
-8,-3,1024,210,-2170,910,0
-9,-4,1025,210,-2100,980,0
-9,-4,1025,210,-2170,910,0
-9,-4,1024,210,-2170,910,0
-8,-3,1024,210,-2170,910,0
-9,-3,1025,210,-2170,910,0
-10,-4,1024,210,-2170,910,0
-8,-3,1025,210,-2170,910,0
-8,-3,1024,210,-2170,910,0
-9,-4,1024,210,-2170,980,0
-9,-3,1025,210,-2170,910,0
-8,-3,1024,210,-2170,910,0
-8,-4,1024,210,-2170,910,0
-10,-5,1025,210,-2170,910,0
-10,-4,1024,210,-2170,910,0
-7,-3,1025,210,-2170,980,0
-9,-3,1024,210,-2170,910,0
-10,-4,1024,210,-2170,910,0
-9,-4,1025,210,-2170,910,0
-7,-3,1024,280,-2100,910,0
-9,-3,1025,210,-2170,910,0
-9,-4,1024,210,-2170,910,0
-8,-3,1025,210,-2170,910,0
-8,-3,1024,210,-2100,910,0
-9,-3,1025,280,-2170,910,0
-8,-4,1024,210,-2170,910,0
-7,-4,1024,210,-2170,980,0
-9,-4,1024,210,-2170,910,0
-10,-3,1024,210,-2170,910,0
-7,-3,1024,210,-2170,980,0
-8,-4,1025,210,-2170,910,0
-9,-4,1025,210,-2170,910,0
-9,-4,1024,210,-2170,910,0
-8,-3,1025,210,-2170,910,0
-8,-4,1024,210,-2170,910,0
-8,-4,1024,210,-2170,980,0
-8,-4,1026,210,-2170,840,0
-8,-3,1025,210,-2170,910,0
-9,-4,1024,210,-2170,910,0
-9,-4,1025,210,-2170,910,0
-9,-3,1025,210,-2100,910,0
-9,-4,1024,210,-2170,910,0
-8,-4,1025,210,-2170,910,0
-8,-4,1025,210,-2170,910,0
-8,-3,1023,280,-2170,910,0
-8,-4,1019,140,-2170,980,0
-7,-3,1020,210,-2170,910,0
-7,0,1028,280,-2170,910,0
-10,-4,1026,210,-2170,910,0
-8,-1,1024,210,-2170,910,0
-9,-1,1025,210,-2170,910,0
-9,-2,1026,210,-2170,910,0
-9,-5,1025,210,-2170,980,0
-8,-3,1024,210,-2170,910,0
-8,-12,1029,210,-2170,980,0
-7,-4,1027,210,-2170,980,0
-8,1,1024,210,-2170,980,0
-10,-2,1025,210,-2170,840,0
-8,-2,1026,210,-2170,980,0
-7,-9,1021,210,-2170,910,0
-7,0,1022,210,-2170,980,0
-10,2,1026,210,-2100,910,0
-9,-4,1026,210,-2170,840,0
-7,-8,1024,210,-2170,910,0
-9,-3,1023,210,-2100,910,0
-9,1,1026,210,-2170,910,0
-9,-6,1025,280,-2170,910,0
-7,-7,1025,210,-2170,910,0
-9,-5,1024,210,-2170,910,0
-9,-1,1025,210,-2170,910,0
-9,0,1025,210,-2100,910,0
-8,-7,1025,210,-2170,840,0
-8,-6,1025,210,-2170,910,0
-9,-3,1025,210,-2170,910,0
-9,-1,1025,210,-2170,910,0
-8,-7,1025,210,-2170,910,0
-8,-6,1024,210,-2170,910,0
-8,-2,1024,210,-2170,910,0
-9,-1,1024,210,-2170,910,0
-7,-5,1028,210,-2170,910,0
-7,-7,1024,210,-2170,910,0
-8,-4,1024,210,-2100,910,0
-9,-1,1024,210,-2170,910,0
-9,-4,1025,210,-2100,910,0
-8,-7,1025,210,-2170,980,0
-9,-5,1025,210,-2170,910,0
-9,0,1025,210,-2100,980,0
-9,-4,1024,210,-2170,840,0
-8,-6,1025,210,-2170,910,0
-8,-4,1024,210,-2170,910,0
-9,-1,1025,210,-2170,910,0
-10,-3,1025,210,-2170,910,0
-9,-5,1024,210,-2170,910,0
-7,-4,1024,210,-2170,910,0
-9,-2,1025,210,-2170,910,0
-10,-2,1025,210,-2170,910,0
-8,-5,1025,210,-2100,910,0
-7,-4,1025,210,-2170,910,0
-9,-3,1025,210,-2170,910,0
-9,-2,1024,210,-2170,910,0
-8,-4,1024,210,-2100,910,0
-8,-5,1025,210,-2170,980,0
-9,-4,1025,210,-2170,910,0
-9,-2,1024,210,-2100,910,0
-9,-4,1026,210,-2170,910,0
-8,-6,1024,210,-2170,910,0
-9,-4,1024,210,-2170,910,0
-9,-3,1024,210,-2170,910,0
-9,-3,1025,210,-2170,910,0
-9,-5,1024,210,-2100,910,0
-9,-4,1024,210,-2170,910,0
-9,-3,1024,210,-2170,910,0
-9,-3,1024,210,-2170,910,0
-9,-4,1025,210,-2170,910,0
-8,-4,1025,210,-2170,910,0
-9,-3,1024,210,-2170,980,0
-9,-3,1024,210,-2100,910,0
-9,-4,1025,210,-2170,980,0
-8,-4,1025,210,-2170,910,0
-9,-4,1024,210,-2170,910,0
-9,-3,1025,210,-2170,910,0
-9,-4,1025,210,-2100,910,0
-9,-4,1024,210,-2170,910,0
-9,-4,1024,210,-2170,910,0
-8,-3,1024,210,-2100,980,0
-9,-3,1025,210,-2170,910,0
-9,-4,1024,210,-2170,910,0
-9,-4,1024,210,-2170,910,0
-9,-3,1025,210,-2170,910,0
-9,-4,1025,210,-2170,910,0
-9,-4,1024,210,-2170,910,0
-7,-3,1024,210,-2170,910,0
-8,-4,1025,210,-2170,980,0
-9,-4,1025,210,-2170,910,0
-9,-4,1024,210,-2170,910,0
-8,-4,1024,210,-2170,910,0
-8,-4,1025,210,-2170,910,0
-9,-3,1025,210,-2170,910,0
-8,-4,1024,210,-2170,840,0
-9,-4,1024,210,-2170,910,0
-9,-4,1024,210,-2170,910,0
-9,-3,1025,210,-2170,910,0
-9,-3,1024,210,-2100,910,0
-9,-4,1024,210,-2170,910,0
-8,-4,1025,210,-2170,910,0
-9,-3,1025,210,-2170,980,0
-8,-4,1025,210,-2100,910,0
-9,-4,1025,210,-2170,910,0
-8,-3,1024,210,-2170,910,0
-8,-3,1024,210,-2170,910,0
-9,-4,1024,210,-2100,910,0
-9,-3,1024,210,-2100,910,0
-8,-4,1024,210,-2170,910,0
-9,-4,1024,210,-2170,910,0
-9,-4,1025,210,-2170,910,0
-9,-3,1024,210,-2170,910,0
-9,-4,1025,210,-2170,910,0
-8,-3,1024,210,-2170,910,0
-8,-3,1024,210,-2170,910,0
-10,-5,1024,210,-2100,910,0
-9,-5,1024,210,-2170,910,0
-8,-4,1024,210,-2170,910,0
-8,-3,1025,210,-2170,910,0
-9,-4,1025,210,-2170,910,0
-10,-4,1024,210,-2170,910,0
-8,-4,1024,210,-2100,910,0
-8,-4,1024,210,-2170,910,0
-9,-4,1024,210,-2170,910,0
-9,-4,1025,210,-2170,910,0
-9,-4,1025,210,-2170,910,0
-8,-4,1024,210,-2170,910,0
-8,-4,1024,210,-2170,910,0
-9,-4,1024,210,-2170,910,0
-9,-3,1024,210,-2170,910,0
-8,-4,1024,210,-2170,910,0
-9,-3,1025,210,-2170,910,0
-8,-4,1024,210,-2170,910,0
-9,-4,1024,210,-2170,910,0
-8,-4,1024,210,-2170,910,0
-8,-4,1024,210,-2170,910,0
-9,-4,1025,210,-2100,910,0
-8,-3,1024,210,-2170,910,0
-8,-4,1025,210,-2170,910,0
-9,-4,1024,210,-2170,910,0
-9,-3,1024,210,-2170,910,0
-7,-3,1025,210,-2170,910,0
-9,-4,1024,210,-2170,910,0
-9,-3,1024,210,-2170,910,0
-8,-3,1024,210,-2170,910,0
-8,-3,1024,210,-2100,910,0
-9,-4,1024,210,-2170,910,0
-9,-4,1025,210,-2170,910,0
-8,-4,1024,210,-2170,910,0
-9,-3,1025,210,-2170,910,0
-8,-4,1024,210,-2170,910,0
-7,-3,1025,210,-2100,910,0
-9,-3,1025,210,-2170,910,0
-10,-4,1024,210,-2170,910,0
-8,-4,1024,210,-2170,840,0
-8,-4,1024,210,-2170,840,0
-9,-4,1025,210,-2170,910,0
-8,-3,1024,210,-2170,910,0
-8,-3,1025,210,-2170,840,0
-10,-4,1025,210,-2170,840,0
-8,-3,1024,210,-2170,910,0
-8,-3,1025,210,-2170,910,0
-9,-4,1025,210,-2100,910,0
-9,-4,1024,210,-2170,910,0
-8,-4,1024,210,-2170,980,0
-8,-3,1024,210,-2170,910,0
-9,-4,1024,210,-2170,910,0
-9,-4,1024,210,-2170,910,0
-8,-3,1025,210,-2100,910,0
-9,-3,1025,210,-2170,910,0
-9,-4,1025,210,-2100,910,0
-9,-4,1024,210,-2170,910,0
-8,-4,1024,210,-2170,910,0
-9,-4,1023,210,-2170,910,0
-8,-4,1023,210,-2170,910,0
-8,-4,1025,210,-2170,910,0
-8,-4,1024,210,-2170,910,0
-9,-4,1024,210,-2170,980,0
-8,-3,1024,210,-2170,910,0
-8,-3,1024,210,-2170,910,0
-9,-4,1024,210,-2170,910,0
-9,-4,1024,210,-2170,910,0
-8,-3,1024,210,-2170,980,0
-9,-4,1024,210,-2170,910,0
-9,-4,1024,210,-2170,910,0
-8,-4,1025,210,-2170,910,0
-8,-4,1024,210,-2100,910,0
-9,-3,1024,210,-2100,910,0
-8,-4,1024,210,-2170,910,0
-8,-5,1024,210,-2170,910,0
-9,-4,1025,210,-2170,910,0
-8,-3,1025,210,-2170,910,0
-8,-3,1024,210,-2170,910,0
-8,-4,1025,210,-2170,910,0
-8,-4,1024,210,-2170,910,0
-9,-4,1024,210,-2170,910,0
-8,-4,1024,210,-2170,910,0
-9,-4,1024,210,-2170,980,0
-8,-4,1024,210,-2170,910,0
-9,-3,1024,210,-2170,910,0
-9,-3,1024,210,-2170,910,0
-8,-5,1024,210,-2170,910,0
-8,-4,1025,210,-2170,910,0
-9,-3,1024,210,-2170,910,0
-9,-4,1024,210,-2170,910,0
-9,-4,1024,210,-2170,910,0
-8,-4,1024,210,-2170,910,0
-9,-4,1025,210,-2170,910,0
-9,-4,1024,210,-2170,910,0
-9,-4,1024,210,-2170,910,0
-9,-4,1025,210,-2170,840,0
-9,-3,1024,210,-2170,910,0
-8,-4,1025,210,-2170,910,0
-8,-4,1024,210,-2170,910,0
-9,-3,1024,210,-2170,910,0
-8,-4,1024,210,-2170,910,0
-8,-3,1024,210,-2170,910,0
-8,-3,1024,210,-2170,910,0
-9,-4,1024,210,-2170,910,0
-8,-3,1024,210,-2170,910,0
-9,-4,1024,210,-2170,980,0
-8,-4,1025,210,-2170,910,0
-8,-4,1024,210,-2170,910,0
-8,-4,1025,210,-2170,910,0
-9,-4,1024,210,-2170,910,0
-8,-4,1024,210,-2170,910,0
-8,-4,1024,210,-2170,910,0
-8,-4,1024,210,-2170,910,0
-9,-4,1024,210,-2100,910,0
-8,-4,1024,210,-2170,910,0
-8,-4,1024,210,-2170,910,0
-8,-3,1024,210,-2170,910,0
-9,-4,1024,210,-2170,980,0
-7,-4,1024,210,-2170,910,0
-8,-4,1024,210,-2170,910,0
-9,-3,1024,210,-2170,910,0
-8,-4,1025,210,-2170,840,0
-9,-4,1024,210,-2170,910,0
-9,-4,1024,210,-2170,910,0
-9,-3,1024,210,-2170,910,0
-8,-4,1024,210,-2170,910,0
-9,-4,1024,210,-2170,910,0
-9,-4,1024,210,-2170,910,0
-9,-3,1024,210,-2170,910,0
-8,-3,1024,210,-2170,910,0
-8,-4,1025,210,-2170,910,0
-9,-3,1025,210,-2170,910,0
-8,-3,1024,210,-2170,910,0
-8,-4,1025,210,-2170,910,0
-9,-4,1024,210,-2170,910,0
-9,-4,1025,210,-2170,910,0
-8,-4,1024,210,-2170,910,0
-9,-3,1024,210,-2170,910,0
-8,-4,1024,210,-2170,840,0
-9,-3,1024,210,-2170,910,0
-9,-3,1024,210,-2100,910,0
-9,-3,1024,210,-2170,910,0
-9,-4,1024,210,-2170,910,0
-8,-4,1024,210,-2170,910,0
-8,-4,1024,210,-2170,910,0
-8,-4,1024,210,-2170,910,0
-8,-3,1024,210,-2170,910,0
-8,-4,1024,210,-2170,910,0
-8,-4,1024,210,-2170,910,0
-8,-3,1024,210,-2170,910,0
-9,-4,1024,210,-2170,840,0
-8,-4,1024,210,-2170,910,0
-9,-4,1024,210,-2170,910,0
-9,-4,1024,210,-2170,910,0
-8,-3,1024,210,-2170,910,0
-8,-3,1024,210,-2170,910,0
-8,-3,1024,210,-2170,910,0
-9,-3,1024,210,-2170,910,0
-8,-4,1024,210,-2170,910,0
-9,-4,1024,210,-2170,910,0
-9,-4,1024,140,-2170,910,0
-8,-3,1025,210,-2170,910,0
-8,-3,1024,210,-2170,910,0
-9,-3,1024,210,-2170,840,0
-8,-3,1025,210,-2170,840,0
-8,-4,1024,210,-2170,910,0
-8,-4,1025,210,-2170,840,0
-8,-3,1025,210,-2170,910,0
-9,-4,1024,210,-2170,910,0
-8,-4,1024,210,-2170,910,0
-8,-3,1024,210,-2170,910,0
-7,-4,1024,210,-2100,910,0
-9,-4,1024,210,-2170,910,0
-9,-3,1024,210,-2170,910,0
-9,-4,1024,210,-2100,910,0
-8,-3,1024,210,-2170,910,0
-9,-4,1024,210,-2170,910,0
-9,-3,1024,210,-2170,980,0
-8,-3,1024,210,-2170,910,0
-8,-4,1023,210,-2170,910,0
-9,-4,1024,210,-2170,910,0
-8,-3,1023,210,-2170,910,0
-8,-3,1024,210,-2170,840,0
-9,-4,1024,210,-2170,910,0
-9,-4,1024,210,-2170,910,0
-7,-3,1024,210,-2170,910,0
-8,-3,1023,210,-2170,910,0
-9,-3,1024,210,-2100,910,0
-8,-4,1024,210,-2170,910,0
-8,-4,1024,210,-2170,910,0
-9,-4,1024,210,-2170,910,0
-9,-4,1025,210,-2170,980,0
-8,-3,1024,210,-2170,910,0
-8,-4,1024,210,-2170,910,0
-9,-4,1024,210,-2170,910,0
-8,-3,1024,210,-2170,910,0
-8,-3,1024,210,-2170,910,0
-9,-4,1024,210,-2170,910,0
-8,-4,1024,210,-2170,910,0
-8,-3,1024,210,-2170,840,0
-8,-4,1024,210,-2170,910,0
-9,-4,1024,210,-2170,910,0
-8,-4,1024,210,-2170,910,0
-9,-4,1024,280,-2170,910,0
-9,-3,1025,210,-2170,910,0
-9,-3,1024,210,-2170,910,0
-9,-4,1024,210,-2170,910,0
-8,-4,1024,210,-2170,910,0
-8,-3,1024,210,-2100,910,0
-9,-4,1024,210,-2170,910,0
-9,-4,1025,210,-2170,910,0
-8,-3,1024,210,-2170,910,0
-9,-4,1024,210,-2100,910,0
-9,-4,1024,210,-2170,910,0
-8,-3,1024,210,-2100,910,0
-8,-4,1024,210,-2100,910,0
-9,-4,1023,210,-2170,910,0
-9,-4,1025,210,-2170,910,0
-8,-3,1025,210,-2170,910,0
-9,-4,1024,210,-2170,910,0
-9,-4,1024,210,-2170,910,0
-8,-4,1024,210,-2170,910,0
-8,-4,1024,210,-2170,910,0
-9,-4,1024,210,-2170,910,0
-9,-4,1025,210,-2170,910,0
-8,-4,1025,210,-2170,910,0
-8,-3,1024,210,-2170,910,0
-9,-4,1024,210,-2170,910,0
-9,-4,1024,140,-2170,910,0
-8,-3,1025,210,-2170,910,0
-9,-4,1024,210,-2100,910,0
-9,-4,1024,210,-2170,840,0
-9,-4,1024,210,-2170,910,0
-9,-4,1024,210,-2170,910,0
-8,-4,1024,210,-2170,910,0
-8,-3,1024,210,-2170,910,0
-8,-4,1024,210,-2170,910,0
-9,-4,1025,210,-2170,910,0
-8,-3,1024,210,-2170,910,0
-8,-3,1025,210,-2170,910,0
-8,-4,1024,210,-2170,910,0
-9,-4,1024,210,-2170,910,0
-8,-4,1023,210,-2170,840,0
-9,-4,1024,210,-2170,910,0
-8,-4,1023,210,-2170,910,0
-8,-4,1024,210,-2170,910,0
-8,-3,1024,210,-2170,910,0
-9,-4,1023,210,-2170,910,0
-9,-4,1025,210,-2170,910,0
-9,-4,1024,210,-2170,910,0
-9,-4,1024,210,-2170,910,0
-8,-2,1024,210,-2170,910,0
-8,-3,1025,210,-2170,910,0
-8,-5,1024,210,-2170,840,0
-9,-4,1023,210,-2170,910,0
-9,-3,1024,210,-2170,910,0
-7,-4,1024,210,-2170,910,0
-8,-4,1024,210,-2170,910,0
-9,-4,1024,210,-2170,910,0
-9,-3,1025,210,-2170,910,0
-9,-3,1024,210,-2170,910,0
-8,-3,1024,210,-2170,910,0
-9,-4,1024,210,-2170,910,0
-9,-3,1024,210,-2170,910,0
-9,-3,1023,210,-2170,910,0
-7,-3,1024,210,-2170,910,0
-8,-5,1024,140,-2170,910,0
-9,-4,1024,210,-2170,910,0
-9,-3,1024,210,-2170,910,0
-8,-3,1024,210,-2170,910,0
-8,-4,1024,210,-2170,910,0
-9,-4,1023,210,-2170,910,0
-9,-4,1024,210,-2170,840,0
-9,-3,1024,210,-2170,840,0
-8,-4,1025,210,-2100,910,0
-8,-4,1025,210,-2170,910,0
-9,-3,1025,210,-2170,910,0
-9,-4,1024,210,-2170,910,0
-8,-3,1024,210,-2170,910,0
-8,-3,1024,210,-2170,840,0
-9,-3,1024,210,-2170,910,0
-9,-3,1024,210,-2170,910,0
-8,-4,1024,210,-2170,980,0
-8,-4,1024,210,-2100,910,0
-9,-4,1025,210,-2170,910,0
-9,-4,1024,210,-2170,910,0
-9,-3,1024,210,-2170,910,0
-8,-4,1024,210,-2170,910,0
-8,-4,1024,210,-2170,910,0
-9,-3,1024,210,-2170,910,0
-9,-3,1024,210,-2170,910,0
-9,-4,1024,210,-2170,910,0
-8,-4,1024,210,-2170,840,0
-8,-3,1024,210,-2170,910,0
-9,-3,1024,210,-2170,910,0
-8,-4,1025,210,-2170,910,0
-9,-4,1025,210,-2170,910,0
-8,-3,1024,210,-2170,910,0
-8,-3,1024,210,-2170,910,0
-9,-3,1025,210,-2170,910,0
-8,-3,1024,210,-2170,910,0
-7,-4,1024,210,-2170,910,0
-9,-4,1024,210,-2100,910,0
-10,-4,1025,210,-2170,910,0
-7,-3,1024,210,-2170,910,0
-7,-3,1024,210,-2170,910,0
-10,-4,1024,210,-2170,910,0
-10,-4,1024,210,-2170,910,0
-10,-4,1024,210,-2170,910,0
-7,-3,1024,210,-2170,910,0
-7,-4,1025,210,-2170,910,0
-10,-4,1025,210,-2170,910,0
-9,-3,1024,210,-2170,910,0
-6,-3,1024,210,-2170,910,0
-7,-4,1024,210,-2170,910,0
-10,-4,1023,210,-2170,910,0
-10,-4,1025,210,-2170,910,0
-7,-3,1024,210,-2170,910,0
-7,-4,1024,210,-2170,910,0
-8,-4,1024,210,-2100,910,0
-10,-4,1024,210,-2100,910,0
-9,-4,1024,210,-2170,910,0
-7,-4,1024,210,-2170,910,0
-7,-3,1025,210,-2170,910,0
-10,-4,1024,210,-2170,910,0
-9,-4,1025,210,-2170,910,0
-7,-3,1024,210,-2170,910,0
-8,-3,1024,210,-2170,910,0
-8,-3,1024,210,-2170,910,0
-9,-4,1024,210,-2170,910,0
-8,-4,1023,210,-2170,910,0
-8,-4,1024,210,-2170,910,0
-8,-3,1024,210,-2170,910,0
-9,-3,1024,210,-2170,910,0
-9,-4,1024,210,-2170,910,0
-8,-4,1024,210,-2170,910,0
-8,-4,1024,210,-2170,910,0
-9,-3,1024,210,-2170,910,0
-8,-4,1024,210,-2170,910,0
-9,-3,1025,210,-2100,910,0
-9,-5,1024,210,-2170,910,0
-8,-4,1025,210,-2170,910,0
-9,-3,1024,210,-2170,910,0
-9,-4,1024,210,-2170,910,0
-9,-4,1024,210,-2170,910,0
-8,-4,1024,210,-2170,910,0
-9,-3,1024,210,-2170,910,0
-9,-4,1025,210,-2170,840,0
-8,-4,1024,210,-2170,910,0
-8,-4,1024,210,-2170,910,0
-8,-4,1024,210,-2170,910,0
-9,-4,1024,210,-2170,840,0
-8,-4,1025,210,-2170,910,0
-8,-4,1025,210,-2170,910,0
-9,-4,1025,210,-2170,910,0
-9,-4,1024,210,-2170,910,0
-8,-4,1024,210,-2170,910,0
-8,-3,1024,210,-2100,910,0
-9,-4,1024,210,-2100,910,0
-9,-3,1024,210,-2170,910,0
-8,-3,1024,210,-2170,910,0
-9,-4,1024,210,-2170,910,0
-9,-4,1023,210,-2170,910,0
-9,-4,1024,210,-2170,840,0
-8,-4,1025,210,-2100,910,0
-8,-4,1024,210,-2170,910,0
-8,-3,1024,210,-2170,910,0
-9,-3,1024,210,-2170,910,0
-8,-4,1025,210,-2170,910,0
-9,-4,1025,210,-2170,910,0
-9,-4,1024,210,-2170,910,0
-7,-3,1025,210,-2170,910,0
-8,-3,1024,210,-2170,910,0
-9,-4,1024,210,-2170,910,0
-8,-3,1025,210,-2170,910,0
-9,-4,1024,210,-2170,910,0
-9,-3,1024,210,-2170,910,0
-8,-3,1024,210,-2170,910,0
-8,-4,1024,210,-2170,910,0
-9,-4,1024,210,-2170,910,0
-9,-3,1024,210,-2170,910,0
-8,-4,1024,210,-2170,840,0
-8,-4,1024,210,-2170,840,0
-9,-4,1024,210,-2170,910,0
-9,-3,1024,210,-2170,910,0
-8,-3,1023,210,-2170,910,0
-8,-4,1024,210,-2170,910,0
-9,-4,1024,210,-2170,910,0
-8,-4,1024,210,-2170,910,0
-8,-4,1024,210,-2170,840,0
-9,-4,1024,210,-2170,910,0
-9,-4,1024,210,-2170,910,0
-8,-4,1024,210,-2170,910,0
-9,-3,1024,210,-2170,840,0
-9,-4,1023,210,-2100,840,0
-7,-3,1023,210,-2170,910,0
-8,-4,1024,210,-2170,910,0
-9,-4,1024,210,-2170,840,0
-9,-4,1024,210,-2100,910,0
-8,-3,1024,210,-2170,910,0
-9,-4,1025,210,-2170,910,0
-9,-3,1024,210,-2170,910,0
-7,-3,1024,210,-2170,910,0
-8,-3,1024,210,-2170,910,0
-9,-4,1025,210,-2170,840,0
-8,-4,1024,210,-2170,910,0
-8,-3,1024,210,-2170,910,0
-9,-4,1024,210,-2170,910,0
-8,-4,1025,210,-2170,910,0
-8,-4,1024,210,-2170,910,0
-9,-4,1024,210,-2170,910,0
-9,-4,1025,210,-2170,910,0
-8,-4,1024,210,-2170,910,0
-9,-4,1023,210,-2170,840,0
-8,-3,1024,210,-2170,910,0
-8,-4,1024,210,-2170,910,0
-8,-3,1023,210,-2170,910,0
-8,-4,1024,210,-2170,910,0
-9,-3,1024,210,-2170,910,0
-8,-4,1024,210,-2170,910,0
-9,-4,1024,210,-2170,910,0
-8,-5,1023,210,-2170,910,0
-9,-4,1024,210,-2170,910,0
-8,-3,1024,210,-2170,910,0
-8,-3,1024,210,-2100,910,0
-9,-4,1024,210,-2170,910,0
-9,-4,1024,210,-2170,910,0
-8,-3,1024,210,-2170,910,0
-8,-4,1024,210,-2170,980,0
-9,-4,1024,210,-2170,910,0
-8,-3,1024,210,-2170,910,0
-8,-4,1024,210,-2170,910,0
-9,-3,1024,210,-2170,910,0
-8,-3,1024,210,-2170,910,0
-8,-4,1024,210,-2170,910,0
-8,-4,1024,210,-2170,910,0
-9,-4,1024,210,-2170,910,0
-8,-4,1024,210,-2170,910,0
-8,-3,1024,210,-2170,910,0
-9,-4,1024,210,-2170,910,0
-9,-4,1024,210,-2170,910,0
-8,-4,1024,210,-2170,840,0
-9,-4,1024,210,-2170,840,0
-8,-4,1024,210,-2170,910,0
-8,-3,1024,210,-2170,910,0
-9,-3,1024,210,-2170,910,0
-9,-4,1024,210,-2170,910,0
-9,-4,1024,210,-2170,980,0
-8,-3,1024,210,-2170,910,0
-9,-4,1024,210,-2170,910,0
-9,-4,1024,210,-2170,910,0
-9,-3,1024,210,-2170,910,0
-8,-3,1024,210,-2170,910,0
-9,-4,1024,210,-2170,910,0
-8,-3,1024,210,-2170,910,0
-8,-3,1024,210,-2170,910,0
-8,-4,1024,210,-2170,910,0
-9,-3,1024,210,-2100,910,0
-9,-3,1025,210,-2170,910,0
-8,-4,1024,210,-2170,910,0
-8,-4,1023,210,-2170,910,0
-9,-4,1023,210,-2170,910,0
-8,-4,1025,210,-2170,910,0
-9,-3,1024,210,-2170,910,0
-9,-4,1024,210,-2170,910,0
-9,-4,1024,210,-2170,910,0
-8,-4,1024,210,-2170,910,0
-1155,-230,978,11480,17010,-4200,1
138,-230,976,10850,18690,-6300,1
125,-228,996,9520,21910,-4480,1
125,-165,972,12040,29330,2030,1
-2,-160,1025,6370,17920,-4340,1
-19,-133,990,8540,24710,840,1
-93,-113,992,8470,30730,3080,1
-145,-116,1008,10780,33250,1610,1
-223,-108,1010,6860,22750,-5320,1
-229,-83,978,8820,22120,-3850,1
-295,-44,964,6090,25900,4060,1
-327,-39,958,2590,23450,8120,1
-452,-26,969,1680,4340,-8120,1
-474,-19,950,3990,1330,-2450,1
-481,-16,930,-9170,-23870,700,1
-330,-31,939,-10290,-32760,6860,1
-243,-58,965,-7840,-35700,7350,1
-185,-109,993,-8190,-23240,3500,1
-185,-115,999,-5810,-19950,1330,1
-165,-115,987,-4970,-14980,2590,1
-186,-99,991,-8330,-21840,-70,1
-135,-136,1010,-7560,-18200,2100,1
-114,-167,1011,-6860,-24430,-1470,1
-35,-189,1021,-10500,-24780,840,1
6,-197,1016,-10850,-17920,5180,1
15,-185,973,-5880,-13160,10080,1
89,-287,1047,-15050,-16660,700,1
106,-216,974,-9380,-13650,3500,1
94,-241,986,-5110,-15470,-1190,1
161,-257,982,-3500,-6860,5950,1
158,-224,949,4900,-6650,6720,1
264,-264,968,-1330,-2030,6720,1
271,-285,996,6090,4830,2240,1
184,-236,958,10710,14420,1750,1
128,-236,992,7070,15750,-910,1
61,-213,982,6580,17010,2590,1
70,-209,992,8890,15610,1330,1
29,-190,997,8190,13090,210,1
41,-171,999,6020,7840,-1260,1
22,-186,1008,6510,19320,3080,1
17,-162,1003,11760,20580,1680,1
-102,-155,1027,4480,2940,-14000,1
-123,-130,1020,6090,7140,-4130,1
-132,-82,978,8960,14000,-2590,1
-173,-95,1001,10290,18970,2030,1
-209,-103,993,2660,16660,1400,1
-223,-80,973,6510,21630,4690,1
-234,-84,975,7910,16310,8470,1
-278,-37,954,3290,22190,12460,1
-307,-34,955,5250,27300,8610,1
-433,-15,924,11060,32410,3290,1
-428,-22,917,8260,18900,1190,1
-587,-7,965,-3500,-3220,-1680,1
-502,-2,923,-13510,-27790,4550,1
-366,-29,922,-15680,-40040,-2240,1
-341,-69,955,-10010,-27650,-770,1
-294,-98,980,-3920,-21140,3290,1
-227,-85,987,-4340,-17500,1540,1
-231,-121,1000,-6230,-16520,0,1
-149,-131,998,-5740,-14070,1190,1
-198,-139,1004,-7630,-13440,-70,1
-152,-107,989,-1470,-11340,3010,1
-172,-134,1002,-5040,-17500,-2450,1
-117,-147,1007,-7700,-18620,-420,1
-75,-163,1004,-7420,-21490,-420,1
-40,-216,1038,-6020,-25060,-3150,1
-15,-193,996,-8680,-24710,-4060,1
38,-175,1000,-12530,-17360,-4970,1
126,-198,989,-3150,-22750,1330,1
137,-221,979,-6160,-24990,1260,1
216,-293,985,-16030,-24850,-5250,1
204,-278,979,-15050,-30940,-3430,1
345,-288,966,-14700,-22610,1610,1
278,-351,997,1820,-490,-1820,1
183,-261,948,12950,18340,1750,1
201,-267,976,8540,16870,3780,1
102,-250,985,12390,18550,-3500,1
78,-197,983,9380,18970,420,1
51,-210,990,10080,19670,840,1
59,-214,1016,10150,19670,1610,1
1,-176,1004,5460,10150,-1050,1
-18,-176,1004,2730,10080,-2520,1
-52,-128,981,7140,15470,560,1
-98,-137,1008,6930,12110,-2030,1
-98,-114,987,9870,20930,4060,1
-160,-109,1020,7910,6930,-4410,1
-205,-105,996,2940,-700,-6860,1
-131,-101,969,7350,21350,7560,1
-252,-90,976,13090,36120,9520,1
-248,-73,974,12110,44240,15400,1
-455,10,954,9660,19600,-560,1
-476,-11,952,3430,-1190,-1540,1
-423,-14,938,-5390,-7910,4340,1
-439,-5,945,-7140,-24500,490,1
-313,-46,949,-10150,-31850,70,1
-254,-83,978,-9310,-28210,3080,1
-196,-75,981,-7980,-20720,4340,1
-186,-115,1001,-7910,-19810,1820,1
-192,-107,996,-5460,-12880,3010,1
-137,-114,984,-5390,-16310,3220,1
-128,-128,997,-4340,-8540,2870,1
-101,-127,1015,-8400,-24780,-4200,1
-64,-165,1020,-5250,-20860,-1120,1
-22,-182,1005,-7560,-26180,-560,1
30,-181,983,-9870,-23660,-280,1
80,-245,1013,-17290,-26950,-1680,1
92,-234,1004,-10990,-23520,-910,1
99,-234,988,-7840,-19600,-2660,1
143,-194,966,-3500,-25200,-560,1
225,-252,952,-5040,-18620,1190,1
236,-207,925,-2100,-17850,5250,1
338,-264,948,-7980,-33040,-4760,1
468,-278,923,-3290,-8820,15190,1
382,-319,924,3780,140,-3010,1
349,-337,949,4340,25550,6790,1
305,-312,978,-490,18270,2520,1
193,-258,961,8330,20860,3710,1
210,-274,993,2940,10080,-350,1
141,-232,973,6440,14980,-2520,1
105,-210,984,11480,17500,910,1
88,-186,978,10500,15050,280,1
98,-173,979,7980,14910,2590,1
93,-167,979,9660,19180,3570,1
40,-206,1032,770,8540,-2870,1
-22,-185,1012,1540,8260,-1610,1
-17,-173,1015,4130,10220,-560,1
-111,-127,988,8610,15120,-2450,1
-118,-139,1003,8120,17360,1330,1
-165,-92,956,13160,33880,8400,1
-229,-113,984,15680,37870,7560,1
-211,-68,952,12600,32270,4410,1
-342,-111,1015,1050,22470,-4900,1
-444,-41,950,5320,15890,70,1
-454,-17,912,5390,7560,-1330,1
-513,-49,975,-1330,-7000,-2450,1
-469,-5,907,-4760,-29470,1960,1
-262,-60,935,-13090,-34160,5880,1
-261,-114,984,-9590,-26250,4410,1
-235,-105,983,-5740,-21070,4410,1
-186,-125,983,-6020,-15890,3850,1
-182,-132,1011,-4620,-22330,-1330,1
-133,-150,1000,-6790,-23170,-910,1
-104,-169,999,-9100,-13230,2170,1
-71,-198,1027,-9030,-17990,560,1
3,-145,980,-3150,-26950,-840,1
13,-202,1001,-6370,-17220,1540,1
32,-213,997,-6860,-21070,-1120,1
90,-225,984,-6510,-11830,4620,1
66,-225,977,-5600,-18270,-1050,1
150,-242,980,-4760,-28140,-6720,1
193,-251,984,-5670,-24150,-2520,1
203,-259,951,-3710,-22260,-5110,1
169,-323,984,-11690,-22540,-3850,1
235,-281,942,-1610,-23870,-7070,1
230,-302,934,-3360,-15050,-1050,1
352,-353,956,700,-1400,1260,1
308,-353,969,5880,14980,-6720,1
135,-275,968,10430,19250,-8610,1
120,-253,982,7840,9100,-9100,1
71,-234,996,8330,7700,-7280,1
107,-228,997,-1470,630,-5810,1
77,-198,967,7840,12600,-350,1
39,-231,1016,5320,6790,-4900,1
0,-220,1003,4060,11900,-840,1
5,-209,1013,4690,12390,-1400,1
-28,-178,1005,5460,17290,-350,1
-91,-145,987,10710,21350,210,1
-107,-159,1011,8050,19530,-210,1
-127,-137,1006,5040,15190,-630,1
-172,-121,983,5250,22610,4900,1
-202,-122,1001,4900,22260,6160,1
-307,-85,984,7140,16800,-2380,1
-338,-32,932,9800,18690,1750,1
-352,-89,980,840,9170,700,1
-389,-99,989,-4690,-2520,-700,1
-396,-47,950,-3290,-18480,-1680,1
-350,-74,948,-7700,-24010,1190,1
-260,-121,988,-10150,-29750,-630,1
-183,-125,986,-8540,-25060,2870,1
-143,-153,1006,-10640,-20580,4620,1
-108,-152,996,-8610,-23940,1120,1
-92,-156,988,-7840,-21980,1190,1
-70,-210,1014,-7000,-15680,1820,1
-47,-194,1009,-6230,-19670,-3500,1
-23,-185,1001,-1190,-15190,-1400,1
-14,-182,995,-2450,-17220,-1190,1
14,-199,988,-4620,-12320,3360,1
50,-219,995,-7140,-16310,2310,1
83,-236,988,-4830,-16590,0,1
112,-263,997,-7140,-20860,1540,1
181,-268,981,-10150,-20160,3150,1
165,-310,990,-8610,-17430,0,1
182,-283,962,-8540,-15750,1540,1
169,-290,951,-2380,-15540,1470,1
227,-306,940,-5180,-16030,1890,1
256,-304,940,210,-11340,-1120,1
290,-365,941,-2310,-9450,4270,1
246,-314,940,-7770,-7770,350,1
357,-365,946,490,-700,6160,1
320,-325,923,5880,10150,1610,1
226,-335,940,6720,13440,-70,1
215,-307,960,4620,11130,560,1
200,-274,943,8050,14070,840,1
197,-291,974,11200,20650,3080,1
168,-264,996,9100,15400,420,1
156,-262,996,5600,9170,-1330,1
103,-205,980,6720,13860,2380,1
94,-214,999,8050,15960,3500,1
45,-208,992,8050,13650,350,1
27,-165,976,11690,22400,3010,1
14,-188,1017,12040,22120,2520,1
-42,-174,1010,7210,19530,2030,1
-98,-161,1025,7140,17220,-2170,1
-161,-108,975,8120,22190,5250,1
-199,-93,969,10850,24570,4550,1
-222,-71,961,16380,31780,6020,1
-252,-94,987,10360,27160,3710,1
-324,-49,970,9520,25830,4410,1
-369,-55,935,6580,20650,1330,1
-418,-39,934,6370,19530,3570,1
-490,-41,957,70,-3220,-70,1
-452,-46,937,-6510,-17570,140,1
-363,-60,941,-12320,-35350,-1120,1
-264,-122,974,-13160,-38080,-1750,1
-222,-136,997,-8050,-31710,-4060,1
-133,-141,998,-5040,-25900,-140,1
-126,-124,991,-5880,-19810,2310,1
-104,-81,962,-4340,-19810,2870,1
-86,-160,1007,840,-11270,4270,1
-52,-178,1015,-2660,-14280,2520,1
-43,-172,1000,-8470,-16170,4900,1
13,-193,1000,-8190,-19180,1610,1
11,-195,984,-1680,-14350,4480,1
38,-211,987,-3080,-17850,-1050,1
33,-179,962,-2030,-17430,700,1
72,-248,981,-5740,-27300,1330,1
187,-284,963,-2520,-20650,3640,1
192,-282,959,-7980,-21560,910,1
203,-242,904,-420,-15680,4620,1
272,-339,931,-7560,-21980,140,1
336,-355,908,-10220,-26950,-2100,1
386,-394,911,-9310,-13160,3990,1
339,-375,909,3920,5110,-490,1
327,-377,928,5530,7070,-3290,1
325,-342,944,8050,21630,2100,1
226,-322,965,4410,9100,-6510,1
211,-302,987,-2590,4620,-5250,1
110,-267,976,4760,1960,-7490,1
152,-271,992,560,5810,-2520,1
126,-259,996,3500,11970,-1050,1
78,-245,999,7140,12670,-3220,1
50,-200,987,8610,16940,-1190,1
-30,-190,1011,11340,22750,910,1
-77,-186,994,11340,25480,-140,1
-163,-144,1009,7490,20020,-3360,1
-174,-87,972,13650,14560,2520,1
-146,-93,954,14980,27720,6930,1
-248,-114,995,13020,33180,6230,1
-332,-55,944,12390,28420,1540,1
-484,-5,916,13930,29400,-980,1
-499,-1,907,12180,20930,2660,1
-505,-39,937,770,280,-1540,1
-531,8,912,-3500,-17430,-2450,1
-443,-17,914,-9870,-33810,1680,1
-290,-77,952,-12040,-40950,-3290,1
-268,-94,974,-11830,-34580,-4480,1
-238,-96,969,-7210,-27160,210,1
-145,-135,979,-11970,-32690,-420,1
-56,-167,1004,-6650,-23870,1400,1
-68,-167,998,-7210,-27370,-3710,1
8,-209,997,-6580,-17850,4830,1
13,-242,1006,-8680,-18620,1260,1
80,-265,996,-11340,-11620,10570,1
91,-267,997,-3920,-17080,3220,1
124,-225,968,-4410,-23590,3990,1
171,-235,945,-10220,-27230,140,1
224,-318,975,-18550,-33390,770,1
253,-260,922,-3990,-21840,1400,1
244,-276,918,1400,-7630,10500,1
373,-273,924,-350,350,13230,1
305,-346,918,10920,17920,6090,1
267,-303,951,6650,16870,1610,1
195,-328,984,5600,17850,-3360,1
103,-262,986,8260,21560,-3640,1
22,-231,999,9800,15820,-5880,1
-83,-181,983,11620,20510,840,1
-85,-150,974,10080,15890,210,1
-38,-172,994,10430,21560,4620,1
-97,-180,1019,3920,16380,2240,1
-152,-160,993,11410,21490,70,1
-251,-114,1002,9870,17640,-3430,1
-302,-71,960,11690,20160,1540,1
-311,-94,958,11690,24010,-1400,1
-416,-71,954,10290,25900,840,1
-348,-61,924,12740,31010,7000,1
-448,-66,934,4270,28210,-3710,1
-588,5,867,11760,27160,-3290,1
-525,1,828,7560,25900,5950,1
-648,-10,844,1400,24640,-2800,1
-696,10,822,-5180,-2870,3570,1
-645,13,815,-9450,-22960,6300,1
-521,5,835,-7980,-39690,-3080,1
-458,-60,901,-10780,-42000,-5600,1
-404,-116,944,-13790,-45570,-5740,1
-341,-142,973,-11130,-35140,-5040,1
-254,-144,981,-9450,-34020,-6650,1
-264,-133,981,-3850,-24920,-6650,1
-251,-152,991,-7840,-23940,-2310,1
-166,-154,994,-11340,-31080,-2100,1
-106,-155,990,-8610,-33320,-280,1
-61,-213,1002,-11270,-29050,-280,1
-16,-204,992,-8750,-29120,-1680,1
27,-246,990,-13370,-34090,-2450,1
56,-255,978,-9590,-29610,-1190,1
100,-253,954,-11130,-32690,3920,1
199,-290,959,-10290,-39760,-3850,1
195,-288,903,-7910,-50680,-11060,1
374,-357,923,-16800,-51730,-7980,1
485,-400,915,-5530,-16380,-770,1
417,-379,898,4830,14350,560,1
373,-358,928,12530,28000,2870,1
265,-310,939,13440,30590,140,1
59,-274,981,13860,21350,-8610,1
40,-239,983,7210,7000,-12040,1
-47,-147,925,22120,42140,8540,1
-79,-225,1014,16520,25410,3220,1
-55,-189,988,8120,24080,6860,1
-43,-214,1016,4900,17990,1120,1
-114,-168,1002,10500,20160,2870,1
-156,-142,985,10290,18690,2590,1
-195,-153,987,5880,23870,3430,1
-247,-116,982,9030,22400,2730,1
-264,-113,963,8890,20510,3710,1
-305,-103,965,7770,25410,4410,1
-373,-63,930,12110,31850,3570,1
-459,-28,887,15470,33880,3150,1
-527,-28,866,12670,32410,2870,1
-580,-17,838,5810,24500,3360,1
-639,43,776,10920,30590,4410,1
-754,38,828,-560,-2240,1330,1
-636,27,813,-12670,-28490,2450,1
-554,30,845,-11900,-53900,-6650,1
-448,-24,879,-15120,-58380,-7210,1
-364,-103,939,-19110,-48860,-8260,1
-306,-134,969,-11550,-42420,-10290,1
-260,-101,970,-6230,-31710,-5250,1
-194,-112,982,-6510,-27510,560,1
-131,-159,996,-9100,-23170,1610,1
-109,-181,996,-7910,-23310,420,1
-71,-219,1019,-10500,-28210,-1750,1
-22,-203,1003,-12180,-27720,210,1
22,-222,984,-7980,-22190,3150,1
77,-217,955,-6020,-19670,3430,1
167,-286,993,-8260,-25900,70,1
162,-280,978,-11200,-27930,560,1
193,-306,953,-10570,-29120,-5180,1
244,-323,932,-11200,-34020,-6860,1
329,-360,928,-6440,-42280,-17080,1
384,-373,899,-7630,-15960,4340,1
462,-400,892,-3360,-420,4200,1
377,-359,904,11550,19390,4830,1
330,-331,908,6720,24150,5810,1
309,-332,947,8260,19670,-2380,1
215,-286,949,15330,32480,9310,1
190,-284,965,8820,18900,3570,1
168,-257,956,9450,13790,1680,1
180,-259,981,7840,19880,4060,1
136,-250,990,4060,19950,4550,1
94,-249,1015,1960,10990,-5670,1
26,-207,983,4830,13090,-1470,1
22,-203,1013,3150,17430,-2240,1
-83,-165,1005,6090,11270,-8470,1
-118,-164,1003,6650,15680,-3220,1
-144,-123,975,12320,28980,2030,1
-276,-127,1007,9310,13510,-8610,1
-298,-117,977,9590,21840,2730,1
-262,-78,941,10500,25550,7490,1
-307,-87,969,6020,19600,2590,1
-351,-63,934,6370,26110,4550,1
-473,-46,906,10150,27090,6370,1
-488,-1,879,13580,25760,4900,1
-529,-64,879,10010,30940,5250,1
-558,-48,892,-280,11760,770,1
-565,-30,879,-2450,1610,1680,1
-620,-24,894,-9870,-22820,140,1
-457,-17,879,-14140,-47880,-560,1
-352,-70,912,-12460,-49630,-5390,1
-261,-103,966,-14980,-43750,280,1
-254,-127,976,-11060,-35140,490,1
-226,-186,998,-12740,-38220,-2660,1
-104,-182,983,-11900,-39760,-1750,1
-4,-208,999,-12810,-36400,70,1
46,-242,1013,-9030,-26180,-1120,1
72,-245,999,-5670,-23450,-2100,1
83,-265,995,-11340,-26110,-3640,1
91,-255,985,-11900,-31360,-3990,1
194,-262,954,-8050,-28490,-1260,1
140,-258,931,-9030,-36540,-4900,1
339,-336,914,-13300,-38990,-4340,1
387,-313,883,-5390,-28910,5880,1
433,-433,881,-8750,-30100,-10500,1
461,-417,897,-4970,-7280,4550,1
513,-364,850,4410,4620,1680,1
393,-333,858,13090,17850,-140,1
325,-314,872,11970,14280,-6510,1
359,-312,923,9520,31640,6440,1
287,-250,904,18060,41160,6790,1
190,-207,938,17500,34860,3080,1
159,-233,980,14420,20300,-1260,1
97,-242,997,3010,19670,-2100,1
-39,-203,999,9240,24080,-420,1
-63,-166,962,13020,38990,7840,1
-207,-150,1009,14070,28980,-490,1
-290,-97,994,17430,20160,-4690,1
-215,-124,983,9030,14700,-1120,1
-177,-142,988,8470,19320,350,1
-241,-125,995,770,16590,70,1
-318,-91,941,7560,31640,6790,1
-364,-69,904,13020,45500,12320,1
-546,-52,911,12040,43750,3640,1
-615,-15,909,840,5950,2450,1
-577,-12,881,-5810,-16030,420,1
-517,-29,900,-9660,-41650,-420,1
-314,-101,932,-14070,-52220,-2940,1
-212,-117,959,-13300,-44590,-2520,1
-126,-177,1007,-15820,-43680,-1680,1
-60,-188,999,-16030,-43050,-2940,1
-8,-200,998,-7350,-37240,-7980,1
1,-223,1015,-6090,-23870,-1050,1
40,-201,993,-4970,-24780,-1400,1
71,-219,985,-5530,-25480,1540,1
131,-214,973,-5530,-25550,4200,1
147,-248,977,-2870,-23870,3500,1
173,-219,927,-4340,-21420,3500,1
230,-280,939,-8610,-25900,350,1
277,-298,915,-9380,-29260,-700,1
363,-351,921,-9450,-12320,11270,1
336,-366,929,-11480,-8540,11760,1
393,-386,900,3080,-1050,5320,1
348,-352,899,7770,8680,770,1
302,-351,916,8330,15960,1680,1
221,-314,922,12180,24010,2240,1
176,-348,987,2310,14700,-3920,1
139,-315,984,4550,7700,-4690,1
102,-274,986,4270,12530,-3220,1
63,-263,989,7490,10640,-6020,1
60,-259,992,6650,11760,-4200,1
43,-233,989,7630,17010,-1050,1
-29,-190,970,11410,27650,4690,1
-134,-162,972,17150,40250,7000,1
-193,-135,967,18410,41790,7840,1
-184,-135,968,14770,38360,10430,1
-282,-149,1011,770,16660,-2450,1
-291,-137,956,6020,24010,1400,1
-349,-97,943,9730,33740,2940,1
-439,-65,902,8820,35140,2450,1
-600,-7,886,5530,18760,-2380,1
-605,-10,882,140,-4130,0,1
-546,-42,895,-7560,-28770,-4200,1
-459,-58,893,-10010,-31920,-910,1
-360,-101,938,-10990,-38360,-6160,1
-352,-104,964,-7000,-33950,-6230,1
-328,-98,959,-9100,-35980,-4830,1
-204,-122,970,-8330,-34230,-560,1
-142,-168,990,-12180,-33600,-1820,1
-121,-183,1002,-11200,-29330,-840,1
-88,-192,994,-7070,-24920,700,1
-18,-223,1001,-11130,-27440,1680,1
49,-244,997,-9800,-26180,1750,1
86,-256,993,-10080,-18550,5460,1
106,-291,1008,-8960,-17990,2100,1
111,-287,995,-10920,-22750,-490,1
123,-263,952,-8890,-26950,-1750,1
191,-308,956,-12530,-30590,-2310,1
180,-289,927,-8470,-28140,-2590,1
245,-340,919,-14350,-24780,1190,1
334,-355,901,-8610,-19110,9030,1
337,-402,910,-6370,-17570,3220,1
402,-438,910,1960,-6230,-5040,1
383,-384,886,9240,10360,-2030,1
355,-380,929,7560,16940,2870,1
311,-363,953,5110,18760,4620,1
221,-331,976,6930,23100,4480,1
182,-320,981,1680,10290,-3710,1
114,-308,991,8050,22050,3850,1
13,-254,994,6930,18060,-1190,1
9,-219,977,11970,22260,3080,1
-60,-217,1006,7560,14840,-770,1
-71,-208,991,8120,20300,2870,1
-94,-194,1009,10290,20930,2100,1
-156,-159,1000,7770,14000,-4480,1
-236,-150,987,10430,16660,-4340,1
-272,-97,961,13930,25970,4130,1
-272,-118,955,12600,25760,3500,1
-288,-104,964,7630,24430,3640,1
-379,-78,950,7840,24920,4060,1
-404,-65,918,5880,20930,2030,1
-610,-2,883,8610,21700,-2660,1
-624,-5,905,-4480,-13160,-4060,1
-525,-29,878,-6440,-23730,-2730,1
-453,-56,915,-13090,-34370,-2520,1
-343,-77,931,-15120,-43050,-5320,1
-272,-153,977,-14980,-37800,-4410,1
-209,-139,991,-11620,-33390,-2940,1
-158,-167,986,-7770,-29470,-1960,1
-140,-177,992,-11620,-27090,-1120,1
-106,-185,991,-5180,-19880,2730,1
-62,-228,1012,-12040,-23450,2310,1
6,-205,986,-8610,-26390,4200,1
77,-251,990,-9730,-20230,4760,1
93,-271,998,-15470,-32060,-3360,1
149,-306,985,-13230,-29820,-3500,1
76,-269,949,-11620,-33110,-3920,1
270,-306,932,-16100,-48020,-7140,1
365,-311,888,-11550,-27160,6580,1
345,-345,901,-10360,-18060,6300,1
442,-439,916,-14840,-25340,1960,1
401,-401,866,-3920,-7770,770,1
459,-405,877,5390,7070,5390,1
371,-372,879,14140,25410,3640,1
261,-315,886,15750,18410,-350,1
259,-351,949,10710,15470,-3010,1
247,-300,943,10150,25550,3570,1
173,-274,963,7210,9590,-4690,1
142,-244,959,10710,18410,-210,1
83,-256,992,8960,18130,-1820,1
13,-215,976,9240,23520,1050,1
70,-219,1004,6300,16170,70,1
-19,-211,998,10640,27440,6160,1
-51,-194,1012,9800,25550,3220,1
-151,-161,996,10920,27090,1680,1
-205,-142,998,7700,24500,1470,1
-320,-122,963,10920,27720,1680,1
-326,-76,930,18060,35350,6650,1
-336,-72,949,12110,33600,4550,1
-429,-54,928,11130,30940,2870,1
-462,-43,895,10080,30940,4550,1
-638,-1,897,5600,8260,-2310,1
-561,-2,865,-4340,-23940,-560,1
-460,-39,897,-11200,-29680,840,1
-399,-59,920,-7630,-31500,1120,1
-287,-93,937,-3920,-20230,2800,1
-287,-108,974,-5040,-21560,-1540,1
-254,-134,987,-7490,-24430,210,1
-183,-167,992,-11830,-33810,-1960,1
-125,-172,981,-14420,-41230,-4690,1
-31,-192,963,-8610,-38500,-4480,1
64,-261,1004,-16310,-33250,3640,1
90,-266,986,-10290,-24500,6580,1
102,-271,976,-8960,-18900,3850,1
114,-253,968,-4830,-24220,-420,1
118,-267,923,-3990,-36820,-7980,1
277,-284,889,-12460,-46830,-7980,1
401,-381,926,-9660,-34300,-6230,1
488,-430,924,5810,-4410,-2100,1
413,-369,912,16940,33460,-1610,1
95,-303,952,17220,43400,-8610,1
31,-261,1005,840,14000,-11900,1
-12,-182,965,16870,32340,3920,1
-34,-141,959,14280,24080,2660,1
-52,-205,999,10290,24430,4830,1
-72,-188,991,8540,24570,6160,1
-107,-174,993,8610,27580,4340,1
-216,-150,988,6510,22890,-630,1
-244,-162,1004,0,13580,-2100,1
-325,-102,967,3920,11970,140,1
-331,-96,964,5810,7420,-1190,1
-347,-84,945,4970,8260,-1750,1
-354,-90,924,5950,19320,-210,1
-500,-79,973,350,5250,-140,1
-394,-81,926,-4760,-11060,630,1
-443,-79,945,-4690,-33670,-8610,1
-322,-129,957,-11550,-35490,-2240,1
-229,-145,967,-5040,-24640,-840,1
-163,-153,976,-1820,-8120,8120,1
-175,-169,1004,-3220,-9170,1400,1
-176,-165,992,-5040,-18130,-1470,1
-139,-190,1013,-11970,-26950,-1470,1
-100,-189,996,-12460,-31850,-420,1
-21,-216,989,-13720,-38010,-2240,1
-698,127,691,24360,46340,-2380,2
-861,145,810,-9380,-2380,-4760,2
-868,200,706,-27860,-64890,-10850,2
-479,0,722,-79870,-138810,-12390,2
-80,-252,807,-92050,-143990,-18620,2
122,-463,909,-58800,-73220,-7140,2
217,-548,1006,-16380,-22470,-4270,2
299,-534,994,22120,20440,5180,2
140,-412,841,105000,154210,50610,2
-429,-77,698,118790,151410,17290,2
-737,144,636,73360,72520,-6370,2
-851,193,644,29400,44100,2450,2
-839,240,706,-2940,-8190,1750,2
-942,249,622,-25480,-55370,-1890,2
-539,82,690,-72240,-122150,-13300,2
-205,-185,784,-101850,-109200,8820,2
-50,-347,818,-91000,-128310,-14910,2
263,-554,981,-19180,-25340,10010,2
246,-662,1013,26460,29190,2660,2
245,-553,872,81900,119280,38080,2
-280,-312,753,103950,147490,13720,2
-673,84,594,84070,112280,3710,2
-891,275,619,42840,61530,770,2
-1004,225,690,-1400,-11970,-840,2
-971,205,649,-45290,-102200,-25480,2
-464,-61,708,-89600,-143500,-6790,2
-84,-249,728,-99610,-158410,-26180,2
290,-552,850,-73850,-91490,7770,2
472,-737,1001,-23380,-25550,-6020,2
366,-572,871,56770,64260,15890,2
155,-430,832,85330,138180,29680,2
-249,-222,710,114030,171150,32340,2
-706,99,613,82460,111160,-630,2
-917,205,639,19600,45640,-2380,2
-945,207,698,-12810,-30940,-10710,2
-917,189,624,-36470,-83860,-25270,2
-614,42,664,-79590,-142240,-36260,2
-377,-204,790,-91140,-157990,-42840,2
192,-449,776,-99540,-194810,-55020,2
628,-649,875,-52850,-81760,-5530,2
640,-691,852,13720,9380,1540,2
411,-577,813,50820,109270,28000,2
0,-367,808,94710,161140,36750,2
-397,-160,711,108710,174720,35280,2
-808,132,632,66850,96040,-12110,2
-884,177,699,21770,25760,7140,2
-959,211,670,-22890,-45570,3920,2
-503,39,700,-84420,-153440,-1330,2
-168,-193,706,-108010,-185080,-46480,2
389,-437,802,-75110,-174650,-31500,2
746,-639,854,-23450,-50540,3360,2
665,-553,788,30590,45990,8190,2
351,-455,735,104720,211470,57750,2
-194,-291,763,103530,197750,42910,2
-747,75,627,93940,100590,-13370,2
-865,126,734,31920,59010,4340,2
-946,167,724,140,-280,4970,2
-844,118,704,-36260,-96460,-10360,2
-446,-71,742,-75110,-177450,-32340,2
-28,-315,811,-83790,-168140,-10150,2
379,-576,825,-82600,-157990,-18200,2
601,-541,815,-27580,-30870,15050,2
728,-624,811,15330,38220,18830,2
400,-471,767,89110,165410,41370,2
36,-352,727,95760,231700,53480,2
-690,-18,643,88130,176330,23590,2
-939,98,707,29750,61600,-12180,2
-889,108,770,-8330,-27930,7280,2
-693,23,708,-48090,-114170,1610,2
-366,-144,740,-87500,-163240,-8750,2
298,-490,846,-92680,-177450,-24850,2
524,-581,827,-59710,-80430,-910,2
656,-611,874,-6790,-19740,9240,2
654,-622,852,49840,78610,22470,2
39,-319,714,116550,202860,49980,2
-392,-180,756,99330,167370,29400,2
-759,55,668,68950,95340,2380,2
-814,165,722,19600,33320,-6860,2
-951,219,702,-14350,-57400,-22680,2
-865,143,655,-49070,-123550,-20790,2
-322,-111,661,-109760,-213570,-36400,2
273,-522,677,-110180,-215250,-66360,2
776,-570,774,-24500,-83720,-1610,2
681,-552,842,18270,20650,3500,2
493,-523,798,38430,86030,23170,2
74,-402,756,103180,215460,57890,2
-364,-175,693,114520,193760,26880,2
-841,48,659,57330,103390,-1190,2
-983,155,725,9800,18060,910,2
-1023,173,671,-22470,-89880,-11690,2
-475,-98,723,-95060,-187250,-17010,2
38,-439,739,-118580,-197400,-31780,2
552,-642,765,-82460,-128940,-19600,2
620,-660,794,-45220,-55720,-3570,2
570,-664,880,24010,28700,-3220,2
439,-546,736,68460,121940,34720,2
8,-386,764,91350,167580,36680,2
-317,-222,716,112420,201040,43820,2
-842,60,647,68320,96110,-5600,2
-988,191,692,18900,44660,-210,2
-909,165,675,-22470,-72590,-5530,2
-657,-25,703,-67970,-129710,-17080,2
-191,-273,677,-96810,-191380,-34650,2
356,-536,834,-89180,-161350,-22190,2
749,-683,935,-72730,-97300,-12180,2
572,-591,892,27510,35560,9310,2
417,-544,833,45920,87150,10710,2
134,-395,805,72870,156450,38570,2
-334,-314,787,78470,153860,15330,2
-648,30,646,66220,134960,11480,2
-1005,204,643,25900,54320,-12460,2
-1097,119,738,-11130,-28980,-4270,2
-633,48,658,-68810,-142170,-490,2
-233,-193,758,-94920,-153790,-2730,2
117,-337,672,-94290,-196490,-28840,2
567,-531,837,-62650,-131670,-10080,2
651,-660,914,8610,-7770,-10640,2
528,-592,860,43890,47880,-1680,2
200,-398,773,82460,153860,31220,2
-191,-205,742,93520,164150,30730,2
-541,25,657,80780,149030,25830,2
-854,88,647,54740,93520,4550,2
-1058,205,704,3500,-3010,9800,2
-818,143,621,-55580,-119490,7490,2
-413,-71,687,-73780,-164640,-11830,2
64,-385,744,-116410,-191800,-32410,2
510,-529,879,-67620,-119630,-23310,2
493,-559,909,-5740,-27580,-10710,2
658,-643,871,33740,56770,12880,2
248,-427,763,98770,176470,43540,2
-289,-179,696,100730,190190,30730,2
-817,112,611,87010,119280,3430,2
-960,136,727,25970,51030,2100,2
-878,152,776,-18480,-35490,8680,2
-696,108,659,-64260,-140700,-6790,2
-194,-169,650,-92610,-207760,-34020,2
376,-467,775,-66430,-139300,-13650,2
567,-558,923,-28490,-57680,4060,2
493,-561,977,13370,14490,-3150,2
539,-477,807,59710,114030,26670,2
14,-216,732,79800,172270,41160,2
-601,-123,700,98490,200830,38430,2
-808,99,753,38430,53760,-16380,2
-1050,162,782,15260,7210,-4620,2
-809,162,722,-30730,-88270,-4130,2
-483,-116,726,-75600,-165550,-20090,2
-13,-240,770,-83300,-176750,-31150,2
539,-505,830,-61810,-136710,-15890,2
688,-537,871,-27790,-57050,-12460,2
675,-624,854,51800,106890,29960,2
164,-312,753,98070,182000,28000,2
-293,-157,749,85750,157570,17570,2
-713,-4,773,52570,90230,-16380,2
-827,68,804,-10010,-7840,-10920,2
-692,-48,821,-53690,-159530,-35490,2
-111,-187,683,-90790,-205730,-17640,2
359,-472,785,-83930,-163660,-3990,2
560,-553,760,-54880,-99260,-4620,2
798,-658,772,24290,51520,31780,2
366,-545,825,73080,126070,22820,2
84,-385,846,80360,167020,30030,2
-333,-114,722,94500,162890,14070,2
-780,49,758,45500,62790,-16730,2
-1088,164,783,5320,-15050,-17920,2
-621,39,731,-58100,-150080,-11340,2
-131,-254,739,-100030,-183120,-1050,2
316,-450,786,-82040,-152250,-30520,2
593,-649,881,-48160,-82320,-11270,2
690,-687,918,-7700,-12670,-12390,2
525,-569,847,67550,104790,490,2
61,-317,762,91000,176890,17710,2
-436,-98,762,87150,157500,6020,2
-746,43,749,55160,86870,-10640,2
-952,94,777,3710,2450,-4340,2
-715,4,812,-49210,-127260,-7980,2
-79,-176,718,-85610,-176190,6580,2
283,-361,816,-78750,-154700,-7700,2
520,-540,838,-50120,-87500,70,2
686,-607,887,-21280,-25270,-1820,2
547,-578,842,39270,53620,770,2
133,-337,792,90720,157500,26740,2
-160,-299,795,81690,158970,7140,2
-667,-80,763,60200,148470,140,2
-922,97,770,22400,51100,-4060,2
-888,17,796,-21490,-77840,-12110,2
-575,-38,771,-58170,-144130,-9100,2
-149,-238,771,-85120,-174510,-14210,2
223,-381,797,-67830,-146860,-5950,2
529,-642,897,-38640,-71260,-7350,2
586,-647,866,16100,24080,-5320,2
630,-557,739,65590,139440,29890,2
-66,-300,767,79100,189000,22820,2
-422,-68,773,56420,138110,8050,2
-920,92,695,44590,87990,700,2
-1045,113,791,-22820,-52640,-13300,2
-676,-52,849,-41300,-104300,-16240,2
-197,-79,659,-90790,-227850,-33950,2
409,-460,794,-70560,-153790,-15260,2
576,-620,836,-43890,-72170,4060,2
859,-658,839,-22610,-20020,980,2
611,-603,803,57610,101430,15470,2
18,-312,663,119420,260050,54950,2
-569,-49,703,87850,178990,34720,2
-739,9,726,52430,76720,-12110,2
-1094,75,732,6930,-12670,-700,2
-822,-5,694,-53410,-160230,-25830,2
-92,-259,710,-92330,-209090,-32200,2
306,-487,812,-94850,-171780,-23100,2
728,-610,887,-30310,-38990,-7770,2
510,-619,851,7840,23170,840,2
378,-482,809,63770,118650,22680,2
-139,-319,826,64960,158760,34930,2
-482,-96,728,69230,152600,16170,2
-815,41,691,32970,66500,-6720,2
-1070,49,802,-490,-25060,-11340,2
-711,-8,690,-60130,-185920,-38010,2
-78,-223,742,-87430,-182350,-15470,2
401,-421,788,-59850,-142380,12460,2
578,-648,882,-44940,-90370,-3850,2
767,-604,830,10080,6440,-9100,2
686,-499,698,81340,179690,34230,2
-74,-243,707,84210,217980,38710,2
-655,-58,773,66640,117180,-5530,2
-831,109,743,31360,77210,9520,2
-899,57,827,-6860,-25130,2800,2
-640,1,765,-55440,-160930,-18970,2
-28,-270,769,-81340,-188230,-19110,2
296,-412,806,-85540,-157220,-13020,2
472,-474,748,-34930,-64400,14070,2
812,-709,826,-12950,-24010,-2800,2
653,-597,803,50260,83160,3080,2
138,-325,716,100030,217840,42840,2
-319,-226,744,105210,193830,24360,2
-867,-9,795,40390,75600,-5180,2
-830,49,861,-23940,-53060,-11410,2
-497,-143,821,-59850,-155120,-24850,2
-93,-212,684,-82880,-205100,-33600,2
498,-518,738,-69720,-151060,-14000,2
849,-634,768,-38430,-89320,-12950,2
665,-589,823,20790,22540,-13090,2
597,-451,732,52360,113960,14490,2
26,-269,785,70490,171500,29190,2
-365,-172,802,62090,144900,20230,2
-703,-24,788,48440,106540,4200,2
-963,-3,814,18130,27860,1960,2
-814,20,790,-23870,-74270,3780,2
-360,-109,797,-63350,-161560,-17500,2
107,-297,747,-84560,-175770,-16240,2
481,-634,899,-83650,-107870,210,2
648,-627,902,-35350,-59780,-15120,2
662,-613,833,14700,20790,-2030,2
433,-441,771,67270,137130,34510,2
-64,-337,820,80850,169750,28490,2
-544,-82,732,69930,136500,5460,2
-845,50,775,18410,40670,-12460,2
-803,6,819,-4550,-25200,-1610,2
-624,-59,815,-51800,-146580,-10150,2
-30,-225,746,-75600,-184240,-17290,2
308,-422,774,-67970,-156100,-32830,2
676,-600,876,-27160,-65310,2030,2
758,-656,847,490,490,-9170,2
584,-515,836,40810,82950,-1400,2
55,-331,788,77490,186830,23660,2
-323,-271,835,48860,137480,5180,2
-681,9,807,32620,98210,7490,2
-925,-10,834,7280,210,-9800,2
-640,-32,804,-48230,-134610,-3570,2
-204,-217,745,-70350,-188090,-15750,2
302,-445,823,-79380,-153790,11200,2
557,-604,766,-44310,-89810,32480,2
749,-683,758,3220,-7210,-10150,2
793,-511,705,53620,97230,-2310,2
162,-406,763,77280,192850,3430,2
-335,-152,753,66010,163940,3500,2
-678,-37,830,17780,64050,-4620,2
-879,13,830,490,-21910,-11690,2
-782,-43,803,-44100,-138320,-22960,2
-39,-178,714,-73920,-211750,-24640,2
287,-374,757,-55510,-133280,3430,2
696,-634,838,-56770,-102130,-18760,2
729,-581,804,-8120,-21140,-7000,2
879,-636,729,56700,117600,12320,2
175,-392,679,105490,240100,33670,2
-657,-11,669,87010,174720,13440,2
-974,143,735,14350,33180,-8540,2
-774,24,833,-16800,-42210,-1050,2
-602,-36,736,-69440,-183330,-12670,2
82,-355,773,-88760,-176400,6790,2
458,-601,789,-86870,-147140,-5600,2
864,-701,771,-68040,-84700,-70,2
747,-646,715,14140,25270,-8610,2
657,-614,761,56980,122010,12670,2
-9,-294,761,91000,188020,31500,2
-432,-105,723,89880,188230,39340,2
-836,75,731,24010,64750,7000,2
-960,80,784,-10150,-30310,-10150,2
-681,-66,805,-53830,-118440,-4270,2
-186,-327,797,-88200,-178640,-4970,2
319,-491,766,-97790,-155190,2800,2
798,-707,733,-71050,-89810,3920,2
770,-712,753,-24220,-26390,-12600,2
679,-665,771,24150,39830,-12250,2
362,-518,690,95690,187180,29540,2
-151,-279,778,79100,179410,21280,2
-487,-121,780,64050,135450,14280,2
-763,45,770,24640,46340,1400,2
-991,124,732,-14000,-60270,-18340,2
-477,-105,838,-61460,-134330,6790,2
53,-296,819,-80570,-171500,-7980,2
343,-460,772,-73150,-146090,-13720,2
636,-590,745,-64610,-98490,-2520,2
822,-672,735,-19110,-16520,1050,2
689,-635,774,37940,68530,-9310,2
348,-433,708,79660,178920,23380,2
-138,-302,795,79800,168840,23590,2
-500,-87,740,69720,156030,17430,2
-897,33,795,24430,44870,-350,2
-1077,164,720,-17990,-99680,-24570,2
-568,-137,808,-77420,-211190,-40180,2
113,-348,728,-85610,-177450,-17220,2
575,-627,743,-85260,-132300,-350,2
907,-679,738,-34440,-42280,2590,2
809,-613,678,27370,29610,5460,2
580,-552,723,63560,133280,19600,2
163,-381,782,61950,157990,9100,2
-330,-211,763,68390,192920,22190,2
-674,-8,750,54670,138740,27930,2
-871,-9,843,280,16170,6930,2
-683,3,826,-45150,-127260,9450,2
-132,-171,723,-93870,-228060,-28140,2
368,-405,705,-81340,-171850,-18410,2
685,-739,746,-69020,-133350,-13580,2
941,-743,779,70,-2170,-6790,2
720,-663,771,45220,83650,-12530,2
241,-352,744,75180,176260,23940,2
-151,-206,769,77910,181720,34160,2
-503,-55,741,62790,138320,23800,2
-774,29,792,21980,44450,5390,2
-937,85,823,-23800,-102340,-26180,2
-298,-153,749,-78190,-201180,-30520,2
3,-269,671,-78050,-211820,-42420,2
651,-534,769,-66080,-153230,-12740,2
900,-668,784,-15680,-57050,-17290,2
748,-507,741,26250,62160,-3780,2
473,-488,772,63140,169890,24360,2
-81,-281,822,67130,177170,17220,2
-470,-86,781,53550,142380,6370,2
-847,-1,830,29610,75670,6580,2
-846,29,839,-26390,-77910,-6930,2
-327,-156,811,-62440,-199850,-25130,2
334,-384,810,-72730,-158340,-4130,2
499,-447,770,-46690,-116900,6160,2
687,-517,696,-35490,-92540,2170,2
892,-567,672,-12880,-33110,-9310,2
793,-640,699,40250,94640,12180,2
326,-430,671,96670,232050,31290,2
-446,-125,735,79870,194390,24150,2
-627,-101,796,42700,100730,2380,2
-884,30,854,12250,18900,4340,2
-853,13,815,-30660,-100030,-19390,2
-316,-108,766,-59500,-165970,-24430,2
155,-352,722,-68880,-198730,-32690,2
707,-504,720,-70070,-170100,-6860,2
972,-550,656,-27930,-59780,13510,2
953,-504,597,17080,38780,7000,2
521,-440,671,75110,181230,40880,2
187,-354,754,72660,207340,38570,2
-532,-66,652,89320,205520,39900,2
-881,22,796,25340,61250,-1120,2
-873,6,841,-9380,-25410,1190,2
-658,-12,746,-38570,-132860,-10640,2
-101,-179,759,-68600,-175420,-5530,2
273,-556,804,-88340,-150850,-4340,2
616,-533,741,-55090,-114100,-8820,2
877,-726,768,-6090,-14630,-13720,2
818,-630,731,36820,75250,-3710,2
216,-406,679,88760,219170,39340,2
-237,-213,720,93100,205800,24990,2
-846,53,732,60480,96600,-16310,2
-916,86,830,-490,12950,7910,2
-1055,69,739,-29050,-127820,-31710,2
-378,-49,631,-72660,-234360,-49560,2
273,-393,672,-72870,-202580,-14140,2
816,-499,651,-51940,-140420,-5950,2
1029,-569,635,-350,-13230,-2100,2
913,-551,600,41230,111230,11760,2
438,-452,694,73570,197400,26530,2
-358,-133,693,98070,234220,40110,2
-787,-16,746,44590,124740,21490,2
-896,26,861,3990,11760,-1610,2
-807,-1,810,-19390,-80640,-3500,2
-347,-168,785,-59990,-183750,-6020,2
200,-275,676,-70840,-182700,-13160,2
585,-611,734,-67620,-150220,-7350,2
927,-566,708,-27230,-39970,-3500,2
745,-533,669,33110,56840,2870,2
588,-427,647,82950,185990,29750,2
69,-343,713,94430,249410,54390,2
-657,-13,687,74970,182280,29050,2
-799,20,751,36050,59710,-2940,2
-975,118,797,-26950,-110180,-41720,2
-610,0,753,-66570,-185010,-33250,2
93,-263,660,-89530,-249760,-50890,2
767,-439,645,-57330,-196140,-9170,2
805,-494,682,-19460,-64680,-3150,2
906,-486,678,8120,14420,3150,2
676,-495,747,48440,99750,-4690,2
141,-334,788,60620,190540,30170,2
-206,-172,745,79240,206780,42980,2
-704,40,701,58590,152180,40880,2
-869,95,748,31360,52640,11340,2
-954,73,757,-36610,-156870,-53970,2
-422,-95,769,-77490,-222600,-60830,2
-153,-302,689,-73220,-202790,-49000,2
690,-538,762,-57400,-156100,-11550,2
721,-482,681,-2660,-42280,-6930,2
796,-499,706,39060,56980,5530,2
442,-352,731,78050,158760,32900,2
5,-332,751,91420,232750,56770,2
-479,-80,750,66150,153370,10710,2
-698,-54,777,22680,66430,3290,2
-842,20,829,-6020,-13580,-8470,2
-737,-55,804,-39060,-132930,-33530,2
-327,-189,799,-76370,-179760,-24430,2
261,-417,739,-102550,-222810,-23940,2
666,-517,704,-48510,-131880,16240,2
857,-624,695,-12110,-44660,-9800,2
781,-614,705,17010,17640,-13300,2
569,-562,743,47950,97790,-9310,2
372,-414,770,64610,187950,35910,2
-267,-117,715,78750,194110,28420,2
-694,5,786,40880,58240,-7350,2
-841,30,816,9730,39130,9170,2
-796,-19,855,-9030,-37240,-3290,2
-596,-36,752,-56490,-168910,-26040,2
157,-324,738,-89180,-221550,-25270,2
638,-665,749,-92330,-161700,420,2
858,-684,706,-67270,-83930,13650,2
853,-739,688,3220,3920,-6860,2
822,-676,748,14420,48930,-19600,2
430,-437,753,47110,131530,-4060,2
42,-321,749,90790,229670,44240,2
-646,-65,746,73500,201320,40250,2
-1002,74,818,1400,-2660,-27020,2
-642,20,895,-20090,-73010,-15120,2
-534,17,755,-53270,-166390,-7560,2
127,-352,720,-99400,-219310,-22330,2
536,-497,598,-89390,-168700,6860,2
995,-548,606,-18060,-39060,16590,2
778,-504,601,51100,64050,2100,2
641,-414,607,81690,166320,44380,2
105,-298,726,83440,226520,52290,2
-361,-56,710,93240,197260,37030,2
-796,-10,860,11200,22820,-12180,2
-825,-14,885,-1680,-3430,3360,2
-667,-95,843,-34650,-107590,-7420,2
-194,-134,729,-67060,-189140,-10290,2
302,-343,730,-66010,-159250,-9940,2
740,-507,679,-55440,-111440,4550,2
811,-654,677,-12110,-37870,-3920,2
735,-645,684,42980,69860,-6370,2
444,-455,679,95270,193480,32200,2
-155,-238,776,94710,197540,34370,2
-525,-47,738,71190,140700,13300,2
-750,-24,812,21980,67620,12670,2
-858,78,804,-4340,-14980,-1470,2
-627,-47,771,-56560,-137410,-15120,2
-19,-287,772,-85400,-158130,5670,2
9,-360,780,-43330,-90020,13580,2
403,-569,815,-49560,-102830,-11270,2
647,-612,757,4690,-5460,14630,2
658,-643,761,51240,94430,11200,2
182,-440,790,83580,159600,18480,2
-256,-293,805,74620,157570,23170,2
-670,-93,808,45010,91630,-4060,2
-754,8,853,5530,12740,-1540,2
-749,-18,827,-11550,-52220,-4760,2
-413,-146,832,-56070,-148260,-8120,2
157,-426,761,-84000,-187880,-25130,2
280,-412,672,-70560,-151340,7840,2
801,-584,661,-25970,-58450,-2940,2
739,-631,691,18130,21490,3500,2
706,-592,703,56910,116270,12110,2
179,-401,734,88060,197190,24640,2
-234,-212,824,68040,146090,8680,2
-615,-24,748,52780,106750,6090,2
-755,22,803,9450,18620,4830,2
-750,-23,839,-20160,-67410,-13160,2
-403,-88,706,-56910,-176120,-26320,2
102,-303,747,-72800,-184870,-15750,2
485,-405,691,-54670,-118720,7630,2
832,-644,758,-15540,-15330,8470,2
728,-550,771,22120,45220,4130,2
596,-511,735,61950,139370,31710,2
57,-362,751,80850,195720,24640,2
-494,-146,787,59710,132160,4550,2
-743,32,756,21560,56560,-5110,2
-794,10,864,-7000,-23870,-6300,2
-572,-61,828,-39270,-107030,-5460,2
-115,-227,808,-71610,-157710,-11480,2
214,-462,749,-84560,-161980,-980,2
521,-609,783,-60410,-108080,9940,2
887,-700,737,-700,-10500,11970,2
747,-641,742,34580,57540,1540,2
254,-431,720,90510,189560,25690,2
-135,-242,752,91070,174860,21700,2
-595,-71,777,53130,108850,7420,2
-868,-27,825,16030,38150,2660,2
-822,2,802,-36050,-108360,-15190,2
-214,-213,801,-60550,-158690,-10780,2
65,-245,716,-66290,-156520,-11060,2
472,-542,762,-55790,-117320,10220,2
731,-648,771,-29050,-48580,2310,2
671,-634,743,41930,43680,-9310,2
393,-489,724,69860,132020,13020,2
47,-322,789,69720,155120,20090,2
-311,-214,827,71050,147210,13930,2
-571,-30,802,45220,108290,10150,2
-923,-52,841,10850,21700,-3080,2
-693,-102,856,-46340,-142730,-13300,2
-146,-339,734,-83230,-205590,-30030,2
482,-437,732,-88970,-182490,-11480,2
749,-609,768,-38780,-71050,5110,2
835,-786,811,-3010,-2450,-4410,2
615,-554,772,56490,99400,11480,2
155,-397,764,81760,181300,24920,2
-242,-188,826,66150,158060,28140,2
-578,2,748,58170,120330,6440,2
-793,-19,820,9030,37940,-2100,2
-958,35,823,-9100,-45920,-18620,2
-505,-160,837,-54460,-169260,-17150,2
-87,-237,705,-70770,-166740,-31290,2
455,-407,681,-73360,-187250,-16870,2
763,-617,756,-23450,-67410,6580,2
807,-625,718,11760,14840,11900,2
649,-556,713,70910,139230,32620,2
177,-418,752,78190,188930,38850,2
-437,-150,755,77000,172760,23660,2
-725,-58,768,36120,82810,-10290,2
-747,-42,892,-8190,-5250,-4130,2
-707,-92,877,-25760,-77840,-12950,2
-469,-107,774,-51590,-149380,-15260,2
304,-439,738,-80360,-171290,-4550,2
413,-468,765,-48300,-90370,28280,2
744,-643,785,-9940,-27720,8190,2
758,-673,775,23520,34720,-1680,2
468,-471,729,70840,138040,7910,2
9,-269,749,72730,166180,19390,2
-439,-123,769,57400,155190,30030,2
-896,27,859,21350,44100,-6580,2
-673,-74,895,-20090,-47390,-2450,2
-650,-102,854,-47740,-130760,-33880,2
-21,-187,607,-74830,-209300,-26670,2
780,-581,724,-69370,-143290,2170,2
654,-591,765,-14630,-28630,5390,2
686,-611,744,12810,21980,-7280,2
599,-513,697,63980,146160,36750,2
-87,-259,705,89600,206920,40530,2
-580,-94,756,68040,146720,24920,2
-738,-39,851,8050,25480,-6580,2
-828,-87,904,-3640,-19740,-10290,2
-653,-173,857,-36120,-124810,-28700,2
-122,-233,790,-60130,-156030,-12950,2
392,-353,650,-66990,-176330,-9450,2
785,-696,748,-34440,-68740,35490,2
725,-645,740,-2730,11830,21770,2
790,-618,732,53830,92260,17150,2
260,-446,753,70070,173880,25130,2
-315,-137,803,66570,140000,12110,2
-321,-154,765,54110,129430,16520,2
-770,-63,878,9380,19670,-5670,2
-701,-98,916,-13300,-62720,-13020,2
-513,-94,826,-48020,-145460,-28140,2
-70,-241,753,-67760,-146860,2450,2
172,-405,734,-71890,-154000,-8050,2
673,-622,707,-41650,-80990,-2800,2
672,-711,715,9870,15610,5250,2
610,-652,725,61180,125510,11830,2
74,-463,738,101220,191240,19040,2
-324,-99,749,69020,146230,13860,2
-487,-204,957,-9450,-35910,-38920,3
-394,-154,843,-8050,-52360,-52360,3
1997,-661,219,-231560,-220640,108710,3
130,-560,-121,229460,554890,-260120,3
-1961,54,452,-193060,-169750,5880,3
976,-673,143,-173460,-630560,273490,3
1997,-570,122,33320,91210,-35280,3
-1637,-77,-97,231840,563360,-291550,3
-1178,-82,483,-1540,-283080,197750,3
1997,-643,233,-146650,-306810,137410,3
1091,-791,333,150220,446740,-238630,3
-1998,288,231,-205870,-155610,140,3
36,-531,526,-134680,-411810,295540,3
1997,-538,284,44660,57120,-59920,3
-1932,-115,320,134610,347690,-267750,3
-1771,95,488,49910,-161490,98280,3
1094,-499,547,-194250,-342300,207900,3
1894,-512,101,128590,313530,-91840,3
-1859,33,299,156380,351610,-237510,3
-1559,-17,523,26110,-188300,193410,3
1987,-624,171,-238560,-420840,157290,3
1592,-751,140,147140,372540,-166950,3
-1998,118,486,-109130,115990,-125930,3
-814,-298,622,-52500,-328580,243250,3
1997,-911,337,-137200,-115710,70770,3
-888,-664,116,215670,451220,-325570,3
-1411,4,591,-36260,-199990,89740,3
1747,-654,156,-176470,-348250,225960,3
1825,-639,360,130060,248080,-77560,3
-1790,31,43,156030,409640,-254660,3
-1182,-93,595,27510,-154000,204330,3
1997,-783,523,-193060,-352450,143080,3
1161,-582,440,153930,298340,-197610,3
-1998,109,661,-139860,-17080,-71890,3
-550,-215,731,-40880,-296030,205660,3
1997,-591,76,-121310,-220920,18550,3
-71,-501,55,189140,530180,-249690,3
-1998,94,718,-143640,-92260,-43260,3
483,-543,679,-199430,-360920,283080,3
1997,-639,414,-7210,-43120,-26670,3
-563,-352,-61,248080,496370,-262990,3
-1502,-49,512,-119350,-186340,98490,3
1156,-761,621,-282870,-369950,233940,3
1997,-805,599,99680,128590,-89250,3
-1998,-2,324,137620,276920,-311150,3
-1166,-486,647,61740,-154210,303170,3
1997,-794,451,-53550,37870,-10010,3
-1922,-331,474,165620,297780,-319410,3
-1619,-86,341,71470,-125930,242480,3
1997,-968,493,-208950,-149100,64260,3
476,-641,582,113820,293160,-256270,3
-1998,202,347,1330,38430,-6440,3
929,-884,1129,-158270,-257460,300230,3
1796,-536,394,115080,202650,-92050,3
-1995,-103,852,42000,119630,-230720,3
-328,-535,722,-14140,-179200,276080,3
1997,-871,818,-112980,-52570,25970,3
-655,-432,343,127540,223930,-263340,3
-1860,108,560,45850,-79800,139580,3
1981,-721,828,-168840,-226800,204820,3
962,-590,757,69370,178990,-163170,3
-1985,-28,784,-36750,52220,-170450,3
78,-577,744,-88830,-217490,289520,3
1997,-655,768,-37730,-47810,13510,3
-728,-209,515,83650,198870,-194740,3
-1867,115,839,-6160,-26040,87290,3
1899,-736,727,-119140,-207900,188650,3
1253,-463,599,126280,144830,-143010,3
-1998,13,936,-81760,73220,-140630,3
404,-585,698,-64260,-179340,295960,3
1997,-650,614,30450,19040,-33740,3
-1172,-427,465,128940,236110,-270270,3
-1514,-72,813,-14280,-118510,64960,3
1978,-825,1096,-181020,-177240,172970,3
982,-548,847,110530,112000,-159180,3
-1998,151,685,-29820,-12810,-137060,3
-4,-530,1126,-34300,-142030,231280,3
1974,-465,514,15750,-4620,-59150,3
-1107,-296,1016,8890,87780,-261380,3
-1313,-166,916,35420,-109550,94010,3
1997,-780,809,-118930,-191380,156380,3
1180,-501,654,95900,150430,-169820,3
-1967,61,889,-120190,35000,-100310,3
-756,-241,608,17150,-128310,219800,3
1997,-559,584,-63980,-145320,38430,3
707,-542,597,113960,239400,-185430,3
-1910,188,752,-107030,9380,-36820,3
-414,-339,730,8820,-213920,244650,3
1997,-543,546,-39760,-52710,2590,3
-142,-507,552,95270,244300,-256200,3
-1988,158,741,-24010,-9940,-2380,3
737,-492,720,-50470,-227500,221830,3
1997,-483,582,44030,76090,-70210,3
-1615,-83,539,14980,174580,-250180,3
-1086,-153,909,34860,-124950,189000,3
1995,-777,578,-124880,-244650,155540,3
587,-713,514,168420,294350,-234920,3
-1998,200,737,-55650,62650,-29750,3
550,-760,980,-71960,-185290,284550,3
1833,-425,540,111510,125510,-105350,3
-1991,-66,801,-24010,120190,-198100,3
-831,-319,1022,31500,-157080,223720,3
1997,-463,349,-48580,-38290,7210,3
167,-149,404,115360,196420,-267820,3
-1468,-133,991,-13790,-76020,61740,3
608,-505,661,-99400,-230440,273420,3
1887,-556,657,97160,111440,-78540,3
-1201,-420,512,143430,229810,-299320,3
-955,-167,703,79030,-87920,199220,3
1902,-713,807,-192500,-234990,190470,3
1072,-623,688,124950,173110,-221620,3
-1963,32,833,-107590,37590,-70490,3
-788,-533,934,-53480,-170660,282450,3
1997,-736,622,-64540,-27510,-44870,3
-151,-462,416,97510,229250,-300230,3
-1998,134,653,25760,-53480,59220,3
998,-675,704,-78680,-232400,321790,3
1480,-771,653,129500,175630,-198380,3
-1998,169,612,-61740,161070,-193200,3
-539,-490,729,-5880,-147000,269850,3
1997,-700,348,-112420,-198380,73780,3
-468,-397,356,120610,287070,-301770,3
-1556,192,326,78050,-131040,172060,3
1997,-821,709,-163380,-328510,181370,3
397,-518,234,135310,340130,-242340,3
-1998,-31,686,-87220,-21980,28350,3
1386,-803,465,-152180,-368480,280910,3
1981,-764,637,94360,191870,-108150,3
-1998,218,518,-137550,82250,-143850,3
-412,-420,862,-2940,-144270,265580,3
1997,-676,473,33740,15330,-47390,3
-948,-272,684,76650,202650,-271740,3
-1573,139,390,55650,-110950,155960,3
1997,-778,693,-131600,-154350,144900,3
1140,-597,618,120260,208670,-184240,3
-1998,70,755,-129640,-44590,-90440,3
38,-514,846,-76650,-221760,278950,3
1997,-610,526,43050,11340,-37240,3
-530,-328,739,77910,190610,-247170,3
-1443,184,634,53410,-54740,149590,3
1679,-793,883,-120120,-188650,196000,3
1466,-628,487,96600,198800,-161210,3
-1998,-125,854,-136360,83930,-90300,3
-790,-237,961,-7980,-106540,234150,3
1997,-613,737,-120540,-196070,40670,3
627,-554,541,63630,242550,-166530,3
-1993,-115,990,-66080,-20370,3640,3
359,-326,766,-58940,-125090,215110,3
1720,-472,754,65310,77840,-47530,3
-441,-296,627,103670,181510,-209860,3
-1514,-64,798,16870,-96880,120330,3
1674,-681,719,-122290,-231560,175070,3
1148,-565,634,72870,155260,-139370,3
-1998,41,774,-78680,126770,-124040,3
-1003,-174,752,27230,-97370,209160,3
1997,-771,459,-123130,-206500,92190,3
655,-603,713,80850,177520,-226030,3
-1998,42,870,-84420,14280,-2590,3
-46,-491,710,-24360,-214830,269990,3
1997,-779,430,50400,77630,-22540,3
-201,-372,397,152670,264250,-241920,3
-1579,114,715,25060,-71190,105420,3
1013,-598,611,-120470,-240870,227570,3
1987,-695,517,80710,122640,-114940,3
-1998,-37,905,-62580,137410,-201670,3
-1240,-143,937,54180,-134820,170520,3
1997,-802,341,-141190,-225190,99890,3
1189,-676,671,106960,209090,-189980,3
-1998,126,550,-102690,138600,-151970,3
-584,-267,964,25900,-168910,241710,3
1997,-862,340,-154630,-145040,90230,3
422,-527,725,105140,215950,-252490,3
-1765,31,759,-17220,-56070,14980,3
608,-591,960,-104230,-182070,237020,3
1837,-518,524,103180,95270,-102970,3
-1324,-53,722,-4270,126840,-183190,3
-1176,-44,841,11830,-135520,93870,3
1938,-671,657,-103950,-185710,144550,3
1414,-442,415,88970,160230,-108640,3
-1745,-56,1200,-55020,60200,-118090,3
-290,-210,797,-8470,-111580,196560,3
1997,-754,745,-35910,-53340,-8540,3
-16,-408,716,68670,139020,-196210,3
-1906,132,1054,-700,-1120,21840,3
1104,-659,873,-67970,-104370,243950,3
1389,-459,606,110740,111160,-116060,3
-1983,-120,1252,-71470,29330,-136010,3
-424,-198,854,31360,-117740,186060,3
1997,-687,725,-44450,-66290,15890,3
-153,-361,784,103810,145670,-223790,3
-1478,22,894,5810,-44590,53550,3
325,-384,601,-56560,-154000,252980,3
1657,-598,521,149660,151270,-117250,3
-1021,-191,913,4340,79870,-216020,3
-1144,52,813,28140,-61600,107800,3
1277,-499,705,-81970,-166950,191660,3
1388,-508,579,105910,147280,-126210,3
-1557,-52,1049,-33250,29750,-136990,3
-722,-147,730,980,-89810,189910,3
1982,-739,925,-113470,-69580,78470,3
1055,-526,635,89600,154000,-166880,3
-1998,-27,1038,-112560,-49490,-50400,3
61,-426,913,-39480,-135730,246400,3
1997,-658,615,-9380,3500,-7210,3
-68,-312,600,120750,224000,-228270,3
-1038,31,892,39760,-22050,46200,3
173,-388,697,-55440,-147910,247450,3
1679,-621,681,110390,106890,-89530,3
-1855,23,778,-39550,123480,-168070,3
-863,-160,760,36890,-104440,197540,3
1997,-947,834,-144970,-119140,61670,3
684,-503,636,110040,173810,-225750,3
-1360,53,815,-50120,72660,-22260,3
-539,-278,604,-140,-150430,263340,3
1997,-764,898,-39410,-30660,-10290,3
-399,-397,589,106890,198450,-259140,3
-1779,131,965,12950,-210,-32900,3
727,-618,645,-80360,-242060,265930,3
1991,-588,552,73990,92400,-60550,3
-1376,-155,827,8330,175420,-203420,3
-1216,174,672,81550,-71120,158340,3
1997,-806,626,-138530,-181020,130200,3
677,-517,549,111650,256830,-169540,3
-1998,-21,1032,-77210,39340,-74480,3
-434,-187,731,22400,-213290,180110,3
1997,-422,505,-56000,-88900,40040,3
279,-292,493,133840,265510,-236320,3
-1321,-50,878,12460,-77910,110110,3
1900,-521,747,-112700,-198310,127050,3
1305,-666,682,69440,180600,-153370,3
-1998,224,599,-83020,48510,-82740,3
-355,-268,1003,-55090,-156170,211050,3
1993,-710,812,-66430,-50890,35420,3
384,-344,723,70840,165410,-152040,3
-1665,150,941,-51450,-133630,-15820,3
773,-429,736,-97580,-190610,209300,3
1949,-648,574,66150,91910,-64610,3
-1057,-329,606,176890,255920,-278040,3
-1316,104,463,77070,-80010,190400,3
1997,-780,744,-157850,-217910,123550,3
1465,-628,536,111790,187040,-147210,3
-1998,79,788,-136360,5320,-143360,3
-725,-476,739,-20160,-180530,273560,3
1997,-851,297,-46550,-39480,-22330,3
-610,-596,528,148890,302470,-317100,3
-1392,-89,726,86100,-102620,199990,3
1997,-793,391,-158130,-249760,150990,3
39,-686,571,135100,318710,-234640,3
-1998,252,624,-15050,-22260,-4060,3
1944,-725,829,-108220,-230440,181650,3
928,-579,603,88550,191310,-168630,3
-1998,98,839,-59290,60620,-147210,3
-262,-612,832,-64890,-234500,271250,3
1997,-684,49,-41020,-17570,8890,3
-1195,-324,230,147700,349720,-273420,3
-1619,66,468,61040,-116830,177940,3
1997,-808,405,-151270,-226800,92820,3
726,-670,558,114940,282520,-233170,3
-1998,149,589,-7350,-74690,44590,3
875,-558,618,-115150,-201180,291970,3
1260,-769,640,172970,216650,-177870,3
-1998,165,778,-73640,28070,-36540,3
374,-452,762,-39970,-138040,279790,3
1860,-586,522,104580,121800,-87920,3
-1920,-99,634,72730,190610,-271530,3
-302,-401,750,4620,-170170,266210,3
1997,-842,604,-74480,-83930,25830,3
-319,-345,457,100310,219870,-236530,3
-1998,-30,851,-14000,-80360,-6510,3
1014,-808,622,-153440,-252350,292180,3
1991,-875,329,141400,163730,-62090,3
-1892,-259,612,89950,227640,-297080,3
-1240,85,720,78540,-112560,150220,3
1849,-580,309,-150150,-305200,174790,3
1034,-608,479,129010,224910,-189210,3
-1998,-116,1146,-87500,73850,-184800,3
-477,-437,748,-51870,-167650,253890,3
1997,-911,614,-82390,-118650,49420,3
-224,-522,611,108990,203070,-271810,3
-1989,-112,954,-21630,-55440,71470,3
1494,-713,462,-126280,-177730,239960,3
1775,-876,678,127680,183820,-116830,3
-1998,88,587,-560,154350,-226170,3
-531,-275,802,-5880,-77910,231350,3
1997,-919,617,-232610,-332920,82950,3
396,-814,601,170590,245070,-267470,3
-1998,88,797,-151130,-106750,-58870,3
1148,-809,795,-137130,-198730,255080,3
1867,-622,434,119700,126350,-85610,3
-1998,122,643,29540,208320,-235340,3
-1201,56,492,54810,-118160,209160,3
1997,-1220,692,-159880,-137550,61880,3
-557,-393,475,155470,236740,-225750,3
-1953,102,594,-57890,-84770,91070,3
1654,-918,733,-195230,-250950,194180,3
1728,-784,511,115360,150360,-94570,3
-1998,-23,993,-102410,55510,-204820,3
-311,-264,612,47390,-88130,263760,3
1989,-618,687,97580,47530,-47530,3
-410,-93,517,135800,161630,-198520,3
-1474,137,558,36400,-58520,113890,3
857,-726,962,-141540,-175280,215110,3
1850,-822,650,78960,99260,-98210,3
-1998,33,969,-86380,22470,-175980,3
-753,-256,597,24290,-95340,220640,3
1997,-907,827,-52500,-70140,-770,3
205,-414,563,148120,187390,-187670,3
-1917,119,654,2240,-35070,80080,3
494,-519,485,-125370,-219450,255080,3
1759,-851,557,178570,208950,-106120,3
-1998,-82,742,64470,123130,-260050,3
17,-641,817,-48510,-123130,272790,3
1997,-936,649,-7980,-81620,-28980,3
-1084,-277,683,144620,124810,-252350,3
-1205,129,286,76790,-108780,189490,3
1949,-853,988,-130060,-167300,123550,3
659,-710,757,106400,144830,-180460,3
-1998,-18,1000,-132440,-10010,-110110,3
484,-613,770,-118650,-132090,301630,3
1994,-1008,541,152250,166110,-55370,3
-1998,33,763,-13020,52430,-227640,3
-828,-344,785,-10150,-114240,207060,3
1997,-1154,1071,-58030,-78470,26600,3
243,-508,578,131600,135730,-221900,3
-1998,111,723,-13370,-50680,19040,3
1750,-934,900,-178290,-187180,224140,3
1635,-720,502,189350,168630,-122920,3
-1998,108,814,-84560,105770,-179340,3
-789,-314,677,8470,-129850,246330,3
1997,-1025,750,-66570,-65170,-16730,3
131,-716,621,133280,230860,-252560,3
-1552,143,514,13930,-74550,134190,3
1131,-689,669,-161000,-219380,215600,3
1209,-782,614,211260,214130,-147700,3
-1998,-87,905,-44730,95060,-216090,3
-338,-481,745,-48020,-149380,277340,3
1983,-739,549,76510,69300,-56490,3
-754,-214,597,157360,188580,-241570,3
-1937,-5,582,27510,-75530,195020,3
1997,-1046,953,-217210,-181720,184380,3
623,-322,467,123270,216650,-148750,3
-1998,-287,1016,-98210,14280,-115850,3
368,-649,783,-142240,-171080,302680,3
1997,-908,500,56770,1890,-53270,3
-1164,-417,548,191450,203210,-274260,3
-1346,121,371,60620,-119840,203980,3
1997,-996,918,-165480,-114030,70700,3
326,-588,602,173320,214690,-216790,3
-1998,125,735,-130690,-34580,-16380,3
946,-796,1207,-201390,-145390,256340,3
1697,-878,670,115010,99330,-83230,3
-1841,-93,702,-2450,73780,-193900,3
-898,-163,543,28630,-77980,231980,3
1997,-957,993,-4900,-34790,-11970,3
310,-502,586,88550,83580,-234990,3
-1962,-116,874,-64610,-66920,93310,3
1075,-605,645,-192710,-215600,221900,3
1252,-806,582,174020,187670,-187320,3
-1998,46,724,-142450,14000,-53690,3
-134,-578,699,-45570,-154350,306740,3
1962,-1032,851,74690,61740,-53550,3
104,-475,258,164080,245630,-274330,3
-1288,-67,638,9870,-150990,166390,3
1727,-801,616,-196910,-229390,245140,3
939,-643,621,161210,196210,-192500,3
-1848,-83,906,-80360,101290,-153860,3
-230,-444,768,-33180,-114170,258650,3
1997,-1018,668,13440,59500,-30870,3
-472,-395,500,179620,206500,-268730,3
-1309,18,566,22610,-77770,156170,3
1187,-801,811,-229390,-266280,243460,3
1614,-848,699,140420,120330,-125020,3
-1978,131,268,145600,195720,-291620,3
-637,-285,744,28420,-112700,261730,3
1997,-1313,1035,-243530,-113120,58590,3
202,-474,523,140420,191590,-246610,3
-1998,77,781,-129640,-59570,-7000,3
1131,-720,854,-223160,-208530,231140,3
1423,-871,965,150850,96460,-143150,3
-1997,174,386,102340,123900,-278390,3
-60,-493,849,-21910,-119140,296240,3
1997,-1243,928,-118580,-21770,26180,3
-889,-304,623,113400,140700,-269710,3
-1574,48,555,26950,-73710,124040,3
1668,-705,948,-179550,-166880,148050,3
1220,-674,706,171290,121030,-131600,3
-1928,15,697,-20300,71890,-170380,3
-814,-50,671,48230,-121800,200340,3
1997,-849,981,-124810,-94850,62720,3
322,-488,401,146860,190890,-248010,3
-1876,63,797,-58730,420,-22610,3
534,-619,648,-107660,-182980,266070,3
1987,-815,824,68740,89040,-57400,3
-1673,44,436,42420,127470,-217560,3
-1089,-160,724,20580,-99610,215040,3
1997,-1053,890,-67060,-57470,-9800,3
-55,-497,735,111300,169470,-240940,3
-1651,184,393,43750,-71190,98350,3
991,-611,820,-157430,-188930,214830,3
1432,-671,801,135590,144480,-135590,3
-1962,106,632,-67550,51520,-136570,3
-915,-364,740,-10290,-85540,190890,3
1997,-933,1179,-134050,-119350,39690,3
73,-442,596,147070,164850,-213850,3
-1692,-6,646,5110,-57120,88410,3
1284,-750,1017,-147770,-139090,216440,3
1188,-562,771,140420,151830,-140350,3
-1613,-65,424,89670,167090,-194320,3
-970,-84,751,8400,-143080,222600,3
1997,-829,845,-158410,-119280,115360,3
-874,-179,515,115850,173250,-247170,3
-1956,139,620,68180,-51450,64330,3
1624,-870,976,-179760,-180670,233170,3
864,-719,756,145950,157710,-131950,3
-1998,-42,747,41930,97580,-188160,3
-865,-267,809,-49420,-121240,181230,3
1997,-1006,821,-171640,-249270,98700,3
-119,-411,406,164430,235200,-269570,3
-1998,163,601,-64470,-7070,-4550,3
1514,-939,822,-188510,-203490,273210,3
1629,-698,721,173390,104230,-110740,3
-1795,13,657,39270,100870,-211190,3
-864,-276,698,-16520,-115430,222670,3
1997,-1088,1043,-163030,-170520,90650,3
20,-564,588,120260,219730,-237650,3
-1751,43,700,-48440,-9240,41300,3
1079,-641,680,-124810,-188930,254450,3
1949,-895,810,88340,69440,-93730,3
-1876,73,497,82530,151900,-233240,3
-1066,-15,703,49420,-72100,144970,3
1897,-559,817,-114940,-149170,132720,3
262,-450,674,159810,201950,-210140,3
-1998,13,781,-77630,4900,-61880,3
309,-606,715,-128310,-129010,315420,3
1992,-1171,997,60550,54600,-67480,3
-769,-148,425,118230,149520,-279370,3
-1451,62,589,19040,-100100,104930,3
1472,-799,864,-174720,-210840,200970,3
1630,-765,734,153300,144410,-143920,3
-1998,102,882,-119070,-36190,-107030,3
-137,-393,699,-56280,-91770,233590,3
1933,-795,1104,39200,-3570,-39830,3
-755,-177,575,136710,171220,-205590,3
-1566,116,538,1400,-39410,103110,3
1603,-996,1316,-232890,-174720,160090,3
943,-606,1018,197120,121450,-154140,3
-1718,71,575,-43890,34020,-137620,3
-756,-158,739,-60200,-106540,221130,3
1997,-919,1033,-85820,-96880,22610,3
172,-526,706,147980,131180,-208110,3
-1646,111,612,-34860,-44380,17710,3
-115,-368,871,-110320,-137620,243670,3
1943,-760,554,150430,105280,-80850,3
-1546,-197,912,-12460,77210,-192500,3
-1039,-22,638,36050,-85680,163660,3
1997,-1124,1029,-134470,-141960,102340,3
699,-420,457,155820,203070,-197610,3
-1952,-112,808,-122220,-93660,5600,3
222,-649,803,-142940,-165760,285600,3
1726,-896,813,127050,97440,-85190,3
-1505,58,605,149800,100660,-238700,3
-836,-1,553,19740,-70350,159110,3
1974,-1030,1097,-201460,-121870,95970,3
312,-647,735,141610,164710,-211330,3
-1703,1,647,-71260,-51730,7980,3
415,-666,883,-134400,-105420,236320,3
1389,-656,729,174930,138040,-67550,3
-878,-92,654,117180,133350,-178920,3
-1195,-50,429,18480,-78330,171990,3
1961,-1219,1223,-238210,-238980,102340,3
797,-478,456,108010,153860,-217140,3
-1877,-191,968,-132160,17850,-58520,3
502,-875,934,-128660,-119980,299460,3
1997,-866,724,83370,35630,-75810,3
-1475,-184,660,119770,178080,-222040,3
-889,-224,597,-2450,-86730,214830,3
1997,-922,752,-182630,-274610,116690,3
618,-611,440,156660,258790,-204610,3
-1997,-48,1032,-146510,-53760,-89740,3
302,-571,562,-164220,-237300,269500,3
1988,-790,478,73570,90370,-21280,3
-1123,-89,11,255010,348320,-236320,3
-1483,-69,602,-1050,-82110,180810,3
1951,-1017,570,-259840,-290640,159460,3
1129,-841,668,181860,207550,-190050,3
-1998,1,939,-146160,-46200,-121240,3
453,-557,686,-161350,-193620,280350,3
1997,-1101,796,37170,9590,-49770,3
-1562,-148,423,199500,229040,-244440,3
-1345,-127,455,33670,-93800,185430,3
1997,-871,1030,-97510,-173040,45500,3
593,-384,593,108150,179200,-193550,3
-1889,37,645,-75880,-90790,24500,3
662,-786,792,-189700,-223510,247030,3
1561,-668,503,169820,238070,-50890,3
-1619,-8,277,121940,79310,-225540,3
-569,-211,426,14490,-148680,243740,3
1997,-931,854,-52500,-126980,16520,3
584,-711,561,195930,280420,-172760,3
-1484,207,467,-70560,-28630,46270,3
-136,-314,646,-115640,-150780,225330,3
1997,-1078,827,39620,94710,-45010,3
-678,-267,433,184100,214970,-267470,3
-1570,25,433,37450,-100310,114100,3
1304,-853,870,-152670,-245210,234150,3
1516,-659,609,126770,179130,-132860,3
-1998,69,787,-117880,24570,-75460,3
47,-777,772,-111230,-159670,265440,3
1997,-983,734,62230,26670,-45990,3
-963,-67,185,174090,225260,-251580,3
-683,-350,687,37170,-133420,209160,3
1997,-1115,848,-213220,-182630,80290,3
679,-587,596,123270,210770,-163310,3
-1957,76,697,-54460,114380,-115080,3
-65,-520,724,-94570,-126840,277690,3
1997,-1132,974,-101080,-123270,29680,3
-43,-426,540,130760,210420,-225330,3
-1389,-56,784,22470,-62160,71400,3
1077,-730,372,-112420,-234080,253400,3
1212,-715,512,176120,236390,-124110,3
-1947,-59,897,99960,145460,-202720,3
-567,-142,473,-1820,-99750,234570,3
1995,-1012,930,-148330,-220080,18200,3
397,-665,494,160090,214690,-199150,3
-1956,156,724,-91070,-20230,-39830,3
388,-666,782,-138250,-168700,224420,3
1997,-787,678,43120,-7140,-42910,3
-1021,-317,647,108710,178920,-218750,3
-1466,60,657,40460,-82880,112700,3
1859,-960,772,-143780,-269920,173110,3
1055,-439,308,121030,245000,-149870,3
-1998,-92,1006,-54740,105140,-129010,3
-507,-262,518,-26460,-182070,217700,3
1997,-895,697,-125440,-156590,75670,3
195,-524,569,152040,251440,-219100,3
-1965,80,770,-84420,-35000,8330,3
669,-667,784,-129010,-165620,247730,3
1997,-845,757,46480,62160,-46130,3
-1886,-58,617,145950,208250,-241710,3
-1005,-117,563,11900,-149170,198170,3
1997,-971,582,-168490,-265440,102550,3
578,-569,401,159950,298130,-200340,3
-1998,-102,944,-130200,4270,-62720,3
619,-614,502,-112980,-267610,280350,3
1997,-885,667,11340,51170,-43470,3
-1569,-109,771,28350,137970,-216160,3
-1185,-87,737,35560,-57050,139370,3
1994,-1027,701,-194460,-214690,133560,3
1086,-833,666,152110,199640,-185080,3
-1998,25,693,-123690,-11830,-12040,3
1146,-725,759,-127680,-221900,226100,3
1735,-632,541,122990,144970,-101220,3
-1386,-23,840,-29120,115290,-125790,3
-1323,68,612,13090,-41020,178570,3
1997,-912,702,-157780,-203840,110110,3
653,-656,539,175420,246610,-219240,3
-1767,-218,870,-70630,-12040,-4480,3
103,-747,946,-114240,-138110,275870,3
1911,-841,661,100240,99050,-63770,3
-655,-235,571,120890,184030,-262990,3
-1282,-101,593,43050,-74270,141890,3
1825,-783,914,-187670,-200550,147420,3
1202,-637,520,167160,191310,-145880,3
-1998,-48,984,-112980,-17080,-96670,3
144,-475,562,-14210,-181510,286230,3
1986,-790,803,50400,71050,-82390,3
-1371,-59,662,91630,169960,-248710,3
-852,-152,697,31360,-86310,184870,3
1927,-799,915,-154700,-189980,107030,3
855,-644,786,91420,141190,-211610,3
-1895,-120,714,-91700,-55720,10780,3
284,-465,921,-98070,-184870,200200,3
1941,-651,627,66010,89950,-62650,3
-1004,-155,788,93520,170730,-227990,3
-569,-122,580,48020,-78540,200690,3
1804,-846,973,-142870,-121100,165620,3
390,-489,735,160440,122080,-239470,3
-1998,-137,929,-83020,24010,-110880,3
285,-508,868,-105420,-179900,227290,3
1997,-707,633,14070,4270,-42700,3
